編號,問題,答案
0,1.如何查詢辦卡進度?,您可於官網查詢辦卡進度，完成身分驗證後查看。感謝您，您的寶貴回饋將協助我們更好更進步。留言內容聯絡方式專人電話聯繫方便聯繫時段email回覆取消確認送出
1,2.辦卡有缺資料，如何補件?,您可於官網上傳補件，選取”申辦信用卡補件資料”完成補件。感謝您，您的寶貴回饋將協助我們更好更進步。留言內容聯絡方式專人電話聯繫方便聯繫時段email回覆取消確認送出
2,3.我想知道信用卡優惠活動內容?,熱門卡片:UBear信用卡Only卡玉山Pi拍錢包信用卡感謝您，您的寶貴回饋將協助我們更好更進步。留言內容聯絡方式專人電話聯繫方便聯繫時段email回覆取消確認送出
3,4.我想知道推薦好友辦卡(MGM)是否符合資格?,您可於官網一起揪辦卡MGM推薦辦卡進度查詢感謝您，您的寶貴回饋將協助我們更好更進步。留言內容聯絡方式專人電話聯繫方便聯繫時段email回覆取消確認送出
4,5.我想更改用戶資料(聯繫電話、帳單地址、變更轉帳扣款帳號…),您可登入網路銀行，進行用戶資料更改感謝您，您的寶貴回饋將協助我們更好更進步。留言內容聯絡方式專人電話聯繫方便聯繫時段email回覆取消確認送出
5,6.如何查詢結帳日及繳款截止日?,本行結帳日遇假日會提前一個營業日關帳，繳款截止日遇假日會延後至下一個營業日。您可透過以下方式查詢結帳日及繳款截止日：網路銀行：登入網路銀行→信用卡→帳單總覽→可查詢近3個月的帳單的結帳日及繳款截止日。行動銀行：登入行動銀行→帳務服務→信用卡→帳單總覽→可查詢近1年的帳單的結帳日及繳款截止日。客服中心：致電客服中心(02)2182-1313→1信用卡服務→0→輸入身分證字號→轉接專人查詢。線上申請網路銀行立即登入網路銀行感謝您，您的寶貴回饋將協助我們更好更進步。留言內容聯絡方式專人電話聯繫方便聯繫時段email回覆取消確認送出
6,7.信用卡繳款方式有哪些?,提醒您，不同繳款方式因實務作業不同，入帳成功生效日會有所差異您可透過以下方式繳款：自動轉帳(立即前往網路銀行設定)四大便利商店繳款(7-ELEVEN、OK、全家或萊爾富便利商店)網路銀行繳款(含預約功能)電話銀行繳款(含預約功能)臨櫃繳款(查詢玉山服務據點)郵局繳款自動櫃員機(ATM)繳款(查詢玉山ATM據點)WebATM繳款匯款e-bill全國繳費網支票繳款信用卡線上繳款詳細繳款方式請參閱本行信用卡網站相關頁面說明。感謝您，您的寶貴回饋將協助我們更好更進步。留言內容聯絡方式專人電話聯繫方便聯繫時段email回覆取消確認送出
7,8.如何查詢信用卡帳單金額?,您可透過以下方式查詢帳單金額網路銀行：登入網路銀行→信用卡→帳單總覽→可查詢近3個月的帳單明細。行動銀行：登入行動銀行→帳務服務→信用卡→帳單總覽→可查詢近一年的帳單明細。電話語音：撥打語音專線(02)2182-1313→按快速碼”113”→依語音指示輸入正卡人信用卡卡號及身分證字號→可查詢最近一期帳單金額。立即登入行動銀行立即登入網路銀行感謝您，您的寶貴回饋將協助我們更好更進步。留言內容聯絡方式專人電話聯繫方便聯繫時段email回覆取消確認送出
8,9.信用卡的額度可否調整?,若您目前額度不符使用需求或因特殊需求僅需短期提高額度，可透過下列方式申請1.本行官網申請線上調額信用卡額度調整2.行動銀行→信用卡→服務申請與補件→申請額度調整服務3.致電客服中心(02)2182-1313提出申請感謝您，您的寶貴回饋將協助我們更好更進步。留言內容聯絡方式專人電話聯繫方便聯繫時段email回覆取消確認送出
9,10.結帳日及繳款截止日可否更改?,請直接致電客服中心(02)2182-1313申請，惟異動的日期仍需依本行規範。感謝您，您的寶貴回饋將協助我們更好更進步。留言內容聯絡方式專人電話聯繫方便聯繫時段email回覆取消確認送出
10,11.對當月帳單的消費款項有疑問時，怎麼辦?,收單機構係彙總您的刷卡簽帳單後向本行請款的機構，若您對某筆消費明細有疑問時，請務必於當期規定繳款截止日前，通知本行代為向收單機構申請複查，逾期本行則無法再為您提出申請，亦不得以任何理由請求退款。因簽帳單皆留存於收單機構，調閱簽帳單需較長的作業時間，國內調單時程約需二個星期至一個月，國外調單時程約需一至一個半月。如您於期限內提出申請調單，經確認係為您本人消費，本行則代收調閱簽帳單手續費，國內每筆50元，國外每筆為100元。感謝您，您的寶貴回饋將協助我們更好更進步。留言內容聯絡方式專人電話聯繫方便聯繫時段email回覆取消確認送出
11,12.沒有收到信用卡帳單怎麼辦?,您可點進智能客服，選取右方補寄電子帳單；或是登入網路銀行，選取上方選單>信用卡>信用卡電子對帳單補寄，完成身分驗證後補寄電子對帳單。感謝您，您的寶貴回饋將協助我們更好更進步。留言內容聯絡方式專人電話聯繫方便聯繫時段email回覆取消確認送出
12,13.如何查詢目前可用的額度?,網路銀行：登入網路銀行→信用卡→信用卡額度查詢。行動銀行：登入行動銀行→首頁。電話語音：撥打語音專線(02)2182-1313→按快速碼”112”→依語音指示輸入正卡人信用卡卡號及身分證字號。感謝您，您的寶貴回饋將協助我們更好更進步。留言內容聯絡方式專人電話聯繫方便聯繫時段email回覆取消確認送出
13,14.如何開卡?,您可透過以下方式完成信用卡開卡網路開卡：至本行官網信用卡或行動銀行開卡專區進行開卡https://card.esunbank.com.tw/EsunCreditweb/txnservice/activateCard#b。語音開卡：：本行語音：致電本行語音專線02-2182-1313按1按2按3開卡，輸入信用卡卡號、卡片有效日期、出生年月日、開卡密碼→完成開卡。中華電信開卡專線：若您所在地的電話號碼若為七碼或八碼毋需撥區域號碼，請撥412-6666或412-1111(用戶碼100#)→輸入信用卡卡號、卡片上有效期限(4碼月年)及6位數字開卡密碼(國曆出生年月日)，系統判斷無誤即可完成開卡作業程序。感謝您，您的寶貴回饋將協助我們更好更進步。留言內容聯絡方式專人電話聯繫方便聯繫時段email回覆取消確認送出
14,15.如何申請信用卡?,您可透過以下管道索取申請書致電客服中心(02)2182-1313→1信用卡服務→0→輸入身分證字號→轉接專人索取申請書。至本行官網e指辦卡專區立即線上申請。您可至本行臨櫃索取請書。若未持有本行信用卡，請填寫申請書後，連同財力證明及身分證正反面影本郵寄至「24158新北市三重區中興北街42巷17弄10號玉山銀行信用卡暨支付金融處收」。若巳持本行信用卡，僅需填寫申請後，直接郵寄至「24158新北市三重區中興北街42巷17弄10號玉山銀行信用卡暨支付金融處收」。下載玉山行動銀行於信用卡專區進行線上辦卡服務。感謝您，您的寶貴回饋將協助我們更好更進步。留言內容聯絡方式專人電話聯繫方便聯繫時段email回覆取消確認送出
15,16.信用卡利息／違約金如何計算?,"循環利息：循環利息=計息金額(含消費款、預借現金)×計息天數×循環利率循環利率：年利率最高為15%，即日息萬分之4.1例如：結帳日：每月3日繳款截止日：每月18日您於4/19消費日圓50,000，本行於5/1墊款(即您帳單上的入帳日)於4/20消費新臺幣5,000，本行於5/2墊款(即您帳單上的入帳日)您於5/18前繳日圓20,000元及繳新臺幣2,000元，則6月份的日圓循環利息：(50,000元-20,000元)×(5/1至6/2共計33天)×(15%/365)=30,000×33×0.00041=406日圓6月份的臺幣循環利息：(5,000元-2,000元)×(5/2至6/2共計32天)×(15%/365)=3,000×32×0.00041=新臺幣39元違約金：持卡人如未於每月繳款截止日前付清當期最低應繳金額或遲誤繳款期限者，應依約定計付循環信用利息，除當期帳單應繳總金額未滿新臺幣1,000元/35美元/3,500日圓/25歐元(依約定結付幣別分開計算)免收違約金外，並同意玉山銀行得依帳單週期收取違約金，違約金之計算方式為：當期(月)繳款發生延滯時，計付違約金300元；連續發生繳款延滯時，第2個月計付違約金400元，第3個月計付違約金500元，期間依約繳款時，違約金連續收取期數重新計算，每次連續收取期數最高以三期為上限。逾期繳款期數逾期繳款違約金逾期繳款達1期者300逾期繳款達2期者400逾期繳款達3期者500應繳最低金額：應繳最低金額=1.【分期消費款項(含預借現金及代償交易)及定期定額扣繳基金款項及帳單分期款項×100%】+2.【當期新增一般消費款項×10%】+3.【前期未繳之非分期信用卡消費款項(含預借現金及代償交易金額)+當期新增非分期之預借現金及代償交易金額】×5%+4.額度外之欠款+非消費款項(如循環息、各種手續費、年費、掛失費等)+5.累計以前各期逾期未付最低應繳款項之總和(前3項合計不得低於1,000元)「一般消費款項」係指持卡人當期訂購商品、取得服務、代付費用而使用信用卡付款之金額。★詳見請參閱本行信用卡約定條款之說明。感謝您，您的寶貴回饋將協助我們更好更進步。留言內容聯絡方式專人電話聯繫方便聯繫時段email回覆取消確認送出"
16,17.請問信用卡道路救援提供哪些服務項目?,免費汽車拖吊：自故障地點起拖吊至維修地點，同縣市不限里程或跨縣市50公里免費。免費急修服務：接電啟動、送油送水(油資依加油站發票收費)、換輪胎(輪胎需自備)、開鎖及諮詢服務。感謝您，您的寶貴回饋將協助我們更好更進步。留言內容聯絡方式專人電話聯繫方便聯繫時段email回覆取消確認送出
17,18.如何使用預借現金功能?,◎網路預借現金：24小時線上申請，3分鐘完成申請流程，申請完成立即撥入本人國內帳戶。(限新臺幣)操作流程請點入◎ATM預借現金：24小時ATM便利提領現金。操作流程請點入感謝您，您的寶貴回饋將協助我們更好更進步。留言內容聯絡方式專人電話聯繫方便聯繫時段email回覆取消確認送出
18,19.持信用卡在國外消費會收取什麼費用?,持卡人所有使用信用卡交易帳款均應以新臺幣或約定外幣結付，如交易(含網路交易)貨幣為外幣或於國外以新臺幣交易(含收單行設於國外特約商店或網路交易)，則授權玉山銀行依各信用卡國際組織依約所列之結匯日匯率直接換算為新臺幣或約定結付外幣，並加收以每筆交易金額1.3%至1.5%計算之國外交易服務費後結付(其中0.8%至1%為信用卡國際組織收取之費用，最新各信用卡國際組織之國外交易服務費率說明如下表。)國際組織品牌手續費率國外以新臺幣交易(含收單行設於國外特約商店或網路交易)適用國外刷卡之外幣交易(含網路交易)VISA1.5%(2016年10月14日(含)前為1.3%)1.5%MasterCard1.5%1.5%JCB1.5%1.5%※提醒您，在交易時(含收單行設於國外特約商店或網路交易)，許多店家使用「DCC(動態貨幣轉換)機制」結帳，該系統可提供您使用新臺幣刷卡結帳，惟DCC交易須經國際清算機制，仍須加付1.3%~1.5%之國外交易服務費。感謝您，您的寶貴回饋將協助我們更好更進步。留言內容聯絡方式專人電話聯繫方便聯繫時段email回覆取消確認送出
19,20.如何查詢歷史的消費明細?,網路銀行：登入網路銀行→信用卡→信用卡消費明細查詢→可查詢近一年消費明細。客服中心：致電客服中心(02)2182-1313→1信用卡服務→0→輸入身分證字號→轉接專人查詢。感謝您，您的寶貴回饋將協助我們更好更進步。留言內容聯絡方式專人電話聯繫方便聯繫時段email回覆取消確認送出
20,21.請問紅利點數如何使用?,目前本行紅利兌換方式如下，您可依您的需求兌換使用本行紅利商品兌換，您可至本行信用卡網站紅利點數專區查詢兌換紅利商品項目：網路兌換：至本行信用卡紅利點數專區以【網路銀行】或【信用卡會員】身分登入，直接線上操作兌換。書面申請：於本行網站下載或致電客服中心傳真紅利點數兌換單，埧寫欲兌換商品型號、數量後回傳或寄回信用卡事業處申請兌換。便利商店商品兌換：7-11ibon兌換：1.點選「紅利」2.選擇「信用卡」3.選擇「玉山銀行」4.輸入個人基本資料「身分證編號」「信用卡號前8碼」「信用卡背面末3碼」5.選擇兌換品項6.選擇「列印張數」及「列印兌換券」7.取出兌換券及商品至結帳櫃檯完成兌換萊爾富Life-ET便利機兌換流程：1.選取您喜愛的商品2.輸入個人基本資料「身分證編號」「信用卡號前8碼」「信用卡背面末3碼」3.列印兌換券4.取出兌換券及商品至結帳櫃檯完成兌換兌換航空哩程：本行目前與長榮航空、中華航空、亞洲萬里通有配合紅利兌換哩程服務，您可至本行官網下載或透過電話語音、客服中心傳真哩程兌換申請書，填寫好後回傳或郵寄至「24158新北市三重區中興北街42巷17弄10號玉山銀行信用卡暨支付金融事業處收」。紅利活現：您可於本行配合紅利折抵的特店使用紅利折抵消費，惟折抵金額及上限依官網規範。特店資訊請至本行紅利點數專區查詢。感謝您，您的寶貴回饋將協助我們更好更進步。留言內容聯絡方式專人電話聯繫方便聯繫時段email回覆取消確認送出
21,22.如何查詢繳款的記錄?,網路銀行：登入網路銀行→信用卡→信用卡繳款明細查詢→可查詢近半年繳款明細。客服中心：致電客服中心(02)2182-1313→1信用卡服務→0→輸入身分證字號→轉接專人查詢。感謝您，您的寶貴回饋將協助我們更好更進步。留言內容聯絡方式專人電話聯繫方便聯繫時段email回覆取消確認送出
22,23.如何登錄道路救援服務?,網路銀行：登入網路銀行→信用卡→道路救援申請→車號登錄。客服中心：致電客服中心(02)2182-1313→1信用卡服務→0→輸入身分證字號→轉接專人申請。登錄後約3個工作天生效，本行配合的廠商為行遍天下，登錄生效後如需救援服務可直接0800-011-885申請救援。感謝您，您的寶貴回饋將協助我們更好更進步。留言內容聯絡方式專人電話聯繫方便聯繫時段email回覆取消確認送出
23,24.我的姓名有變更，應如何辦理?,您可透過以下方式辦理姓名變更臨櫃辦理：請攜帶信用卡、身分證影本至分行提出申請。致電客服中心(02)2182-1313→1信用卡服務→0→輸入身分證字號→轉接專人申請(需提供信用卡卡號及身分證影本)。感謝您，您的寶貴回饋將協助我們更好更進步。留言內容聯絡方式專人電話聯繫方便聯繫時段email回覆取消確認送出
24,25.如何設定預借現金密碼?,◎網路設定：點選線上設定預借現金密碼→依指示輸入基本資料及動態驗證碼→手機簡訊驗證→輸入新密碼→選擇信用卡並輸入預借新密碼→完成◎智能客服：致電(02)2182-1313→133→輸入手機號碼→發送智能客服簡訊→連結網址設定預借現金密碼◎網路銀行：登錄網路銀行→選擇信用卡→信用卡貸款→ATM預借現金密碼設定感謝您，您的寶貴回饋將協助我們更好更進步。留言內容聯絡方式專人電話聯繫方便聯繫時段email回覆取消確認送出
25,26.如何使用信用卡約定扣繳中華電信、電費、水費、瓦斯費、路邊停車費、民營電信費用?,您可透過以下管道申請玉山銀行信用卡官網線上申請https://card.esunbank.com.tw/EsunCreditweb/txnproc/identify?PRJCD=2526網路銀行：登入網路銀行→信用卡→信用卡繳費→信用卡代繳各項費用。本行全國各分行民營電信話費，可至本行官網專屬頁面下載申請書並郵寄指定地址或至各電信公司辦理信用卡扣繳。感謝您，您的寶貴回饋將協助我們更好更進步。留言內容聯絡方式專人電話聯繫方便聯繫時段email回覆取消確認送出
26,27.我只想收到電子帳單不想收書面帳單應如何處理?,網路銀行：登入網路銀行→信用卡→信用卡電子對帳單→電子對帳單申請。客服中心：致電客服中心(02)2182-1313→1信用卡服務→0→輸入身分證字號→轉接專人申請。申請帳單e化成功後，將不再寄送實體帳單。帳單e化限正卡人提出申請。感謝您，您的寶貴回饋將協助我們更好更進步。留言內容聯絡方式專人電話聯繫方便聯繫時段email回覆取消確認送出
27,28.如何補寄電子帳單?,網路銀行：登入網路銀行→信用卡→信用卡電子對帳單→信用卡電子對帳單補寄(可申請寄送近一年的電子帳單)。客服中心：致電客服中心(02)2182-1313→1信用卡服務→0→輸入身分證字號→轉接專人申請。申請補寄電子帳單約半小時會收到。感謝您，您的寶貴回饋將協助我們更好更進步。留言內容聯絡方式專人電話聯繫方便聯繫時段email回覆取消確認送出
28,29.玉山自扣的資料欲修改應如何申請?,網路銀行：登入網路銀行→信用卡→信用卡繳費→帳戶扣繳查詢/變更/終止。客服中心：致電客服中心(02)2182-1313→1信用卡服務→0→輸入身分證字號→轉接專人申請。客服中心僅受理變更扣款比例及扣款帳號(限本人帳戶)，若需終止可索取申請書書面申請。感謝您，您的寶貴回饋將協助我們更好更進步。留言內容聯絡方式專人電話聯繫方便聯繫時段email回覆取消確認送出
29,30.如何查詢預借現金的額度?,請您於使用預借現金服務當天致電客服中心(02)2182-1313→按快速碼”134”→依語音指示輸入正卡人信用卡卡號及身分證字號。感謝您，您的寶貴回饋將協助我們更好更進步。留言內容聯絡方式專人電話聯繫方便聯繫時段email回覆取消確認送出
30,31.預借現金手續費如何計算?,預借現金手續費(依預借現金約定結付幣別區分)＝預借現金金額╳3.5%+(新臺幣100元/3.5美元/350日圓/2.5歐元)感謝您，您的寶貴回饋將協助我們更好更進步。留言內容聯絡方式專人電話聯繫方便聯繫時段email回覆取消確認送出
31,32.卡友貸是什麼？,卡友貸為「信用卡個人信用貸款」，是一種簡便、快速、易申辦的貸款，可線上完成申請與對保。且首次申請核准後即核定一貸款額度，於額度內可隨時申請動用資金。依照您的信用狀況、財力狀況及還款能力等綜合評估，經審核評估核准後即可撥款。當您有小額週轉、購買傢俱/汽車、結/訂婚、投資理財、整合貸款等資金需求時，玉山卡友貸就是您的最佳幫手，協助您完成各項人生夢想。感謝您，您的寶貴回饋將協助我們更好更進步。留言內容聯絡方式專人電話聯繫方便聯繫時段email回覆取消確認送出
32,33.申請卡友貸有什麼資格限制？,●本行信用卡正卡持卡人●20~65歲中華民國國民●收入穩定且無信用不良記錄註：不適用於非本國籍、學生、單持法人卡、附卡之信用卡持卡人。感謝您，您的寶貴回饋將協助我們更好更進步。留言內容聯絡方式專人電話聯繫方便聯繫時段email回覆取消確認送出
33,34.借款期限最長多久?我最多可以借多少錢？,最高申請金額為300萬元，分期期數12~84期。貸款費用及利率依各專案內容而定。(實際借款額度依顧客財力證明與信用狀況有所不同，本行保有最終核貸與否之權利。)線上額度利率評估感謝您，您的寶貴回饋將協助我們更好更進步。留言內容聯絡方式專人電話聯繫方便聯繫時段email回覆取消確認送出
34,35.申請卡友貸需要準備什麼文件？,一般顧客財力證明：所得清單、扣繳憑單、薪轉存摺、薪資證明、勞保投保明細…等※檢附所得清單、扣繳憑單、薪轉存摺，不僅能加快核貸速度！還有機會提高貸款過件率哦！企業主/自營商財力證明：營業稅申報(401表)、損益表、營業用存摺明細、營利事業所得稅申報等資料或其他能提供相關佐證資料之收入。感謝您，您的寶貴回饋將協助我們更好更進步。留言內容聯絡方式專人電話聯繫方便聯繫時段email回覆取消確認送出
35,36.我該如何申請卡友貸？,點選「線上立即申請」，或透過申請書上的QRCODE掃描，並上傳財力證明。線上填寫只需3分鐘，讓您輕鬆完成貸款申辦，最快一個工作天即有專人跟您聯繫。或撥打(02)5578-1398由專人為您服務感謝您，您的寶貴回饋將協助我們更好更進步。留言內容聯絡方式專人電話聯繫方便聯繫時段email回覆取消確認送出
36,37.申辦卡友貸完成後，需要多久才能知道審核結果？,本行收到您的完整申請文件後，約3-5個工作天可完成審核作業，若您有較急迫的資金需求，請致電(02)5578-1398由專人協助。感謝您，您的寶貴回饋將協助我們更好更進步。留言內容聯絡方式專人電話聯繫方便聯繫時段email回覆取消確認送出
37,38.撥款方式及時間為何？,撥款方式係採電匯方式，線上對保完成最快2個小時撥款，撥入行庫可選擇您指定之國內銀行本人帳戶。感謝您，您的寶貴回饋將協助我們更好更進步。留言內容聯絡方式專人電話聯繫方便聯繫時段email回覆取消確認送出
38,39.申請卡友貸需要有保證人嗎？,卡友貸是以個人信用狀況為審核依據，不需要徵提保證人，亦無需擔保品。感謝您，您的寶貴回饋將協助我們更好更進步。留言內容聯絡方式專人電話聯繫方便聯繫時段email回覆取消確認送出
39,40.申請卡友貸流程？,1.線上立即申請：營業時間最快30分鐘專人回覆。(營業時間週一到週五9:00~17:00)或於營業時間撥打服務專線(02)5578-13982.線上補財力證明：所得清單、扣繳憑單、薪資轉帳、薪資證明、勞保局投保明細等歡迎使用手機下載玉山APP上傳或傳真(02)2995-61133.徵信審核：依照個人財力證明、信用狀況及還款能力等由系統綜合評分，審核過後由專人與您回覆！4.核准完成後撥款：徵信審核通過後，並於線上對保完成最快2小時撥款感謝您，您的寶貴回饋將協助我們更好更進步。留言內容聯絡方式專人電話聯繫方便聯繫時段email回覆取消確認送出
40,41.如何詢問申辦進度呢？,可於官網查詢審核進度或請於營業時間撥打服務專線(02)5578-1398感謝您，您的寶貴回饋將協助我們更好更進步。留言內容聯絡方式專人電話聯繫方便聯繫時段email回覆取消確認送出
41,42.請問申請卡友貸一定有玉山帳戶嗎？,不用！您可選擇匯到玉山銀行同名帳戶，或是國內其它銀行本人帳戶。感謝您，您的寶貴回饋將協助我們更好更進步。留言內容聯絡方式專人電話聯繫方便聯繫時段email回覆取消確認送出
42,43.請問要如何繳款？,"●自動扣繳：填寫「卡友貸自動轉帳授權書」後正本寄回，作業時間約45個工作天，生效後每月繳款日固定由帳戶扣繳。(郵局無配合自動扣繳業務)●自行繳款：繳款日前5日本行會發送簡訊帳單至您於本行留存的手機號碼，您可依訊息中的繳款資訊依下列方式繳款：(1)全國繳費網：點選""繳納貸款""→點選玉山商業銀行→輸入虛擬繳款帳號→輸入繳款金額→選擇繳款方式→點選""確認""(每筆繳費需負擔手續費10元)(2)ATM轉帳：輸入玉山銀行代碼808及虛擬繳款帳號。(每筆繳費需負擔手續費15元)(3)臨櫃匯款繳款：匯款手續費需由匯款人自行負擔，手續費金額依各行庫規定。【戶名】玉山銀行民權分行通信貸款業務專戶【解款行】玉山銀行民權分行【帳號】虛擬繳款帳號※他行匯款請填寫匯款單、臨櫃入款請填寫存款單、郵局無法劃撥需填匯款單(4)玉山CDM存款：輸入虛擬繳款帳號。(5)網路銀行轉帳：輸入玉山銀行代碼808及虛擬繳款帳號；或撥打服務專線(02)5578-1398確認。感謝您，您的寶貴回饋將協助我們更好更進步。留言內容聯絡方式專人電話聯繫方便聯繫時段email回覆取消確認送出"
43,44.請問要如何知道我的卡友貸每月應該繳款的金額是多少？,您貸款的每月應繳款金額，本行會在每月繳款截止日前五天寄發手機簡訊給您，提醒您當月應繳款金額及繳款帳號相關資訊，若有相關問題，也歡迎您與本行專員聯繫洽詢。感謝您，您的寶貴回饋將協助我們更好更進步。留言內容聯絡方式專人電話聯繫方便聯繫時段email回覆取消確認送出
44,45.如何再次動用卡友貸？,卡友貸有餘額且於借款有效期間內，可申請再次動用卡友貸，經審核完成後，可將款項撥入至本人指定帳戶。(如需檢附財證將由專人另行通知)再次動用申請網址：https://card.esunbank.com.tw/EsunCreditweb/txnservice/identify?PRJCD=MLAP05(本行保留最終審核核貸與否、貸款金額、貸款利率，及各項條件之權利)感謝您，您的寶貴回饋將協助我們更好更進步。留言內容聯絡方式專人電話聯繫方便聯繫時段email回覆取消確認送出
45,46.提前還款是否須負擔提前清償違約金？,如為綁約專案，綁約期間內，提前部份還本則需負擔還款本金的3%~4%的提前清償違約金。感謝您，您的寶貴回饋將協助我們更好更進步。留言內容聯絡方式專人電話聯繫方便聯繫時段email回覆取消確認送出
46,47.請問如何提前還款？,請撥打(02)5578-1398由專人為您服務說明並確認結清金額。(當日還款需於下午3:30前確認金額)感謝您，您的寶貴回饋將協助我們更好更進步。留言內容聯絡方式專人電話聯繫方便聯繫時段email回覆取消確認送出
47,48.我已經有向銀行貸款，還可以再申請嗎？,可以的！若您有任何資金上的需求，均歡迎您向本行提出申請，本行將依據您當時的個人信用狀況、財資歷狀況及還款能力進行審核，盡可能協助您完成夢想。感謝您，您的寶貴回饋將協助我們更好更進步。留言內容聯絡方式專人電話聯繫方便聯繫時段email回覆取消確認送出
48,49.卡友貸可否整合他行個人信用貸款？,可以的！歡迎您申請玉山卡友貸，我們將提供您貸款整合方案，讓您節省利息，聰明理財，減輕您的貸款負擔。感謝您，您的寶貴回饋將協助我們更好更進步。留言內容聯絡方式專人電話聯繫方便聯繫時段email回覆取消確認送出
49,我要如何查詢我已累積多少紅利點數?,目前查詢紅利點數累積數量有以下幾種方式：1.從信用卡帳單上查詢→紅利點數累積2.撥打刷卡得利語音兌換專線(02)2171-1130查詢3.本行官網查詢→https://ctbc.tw/CQ0910>請點此<4.下載中信卡優惠APP查詢5.加入本行LINEBC官方帳號查詢
50,我的刷卡得利紅利點數有效期限為何？,每戶持卡人之紅利點數累計期間以二年為一期，紅利點數有效使用期限以信用卡帳單所示者為準。只要您所持的中國信託信用卡為有效流通卡且帳款未逾期，即可利用所累積的紅利點數兌換商品。同時，為讓您能將紅利點數充分利用，我們會於帳單上的紅利點數有效使用期限到期時自動延長三個月兌換期（但延展期間之紅利點數，不可用於即時折抵及不可與新累積之紅利點數合併使用），為保障您的權益，請把握兌換時效，一但超過延長期限，系統會自動將累積紅利點數歸零。
51,我如何使用紅利點數兌換商品？,可透過以下幾個通路進行兌換：1.撥打刷卡得利語音兌換專線(02)2171-11302.登入網銀兌換→https://ctbc.tw/CQ0910>請點此<3.登入中信卡優惠APP兌換4.百貨商店即時折抵消費金額，查詢百貨商店及折抵比例→https://www.ctbcbank.com/twrbo/zh_tw/cc_index/cc_feedback/cc_bp_index/cc_bp_reedem.html>請點此<5.兌換紅利商品或即享券，配合廠商(1)TicketXpress即享券商城→https://shop.ticketxpress.com.tw/822>請點此<(2)利樂紅利網→https://www.relo.com.tw/relo/ctbccreditlogin.aspx>請點此<6.紅利點數變愛心捐款說明→https://www.ctbcbank.com/twrbo/zh_tw/cc_index/cc_feedback/cc_bp_index/cc_bp_donate.html>請點此<7.兌換哩程說明→https://www.ctbcbank.com/twrbo/zh_tw/cc_index/cc_feedback/cc_bp_index/cc_bp_mileage.html>請點此<8.兌換7-ELEVEn商品流程→https://www.ctbcbank.com/content/dam/minisite/long/atm/7-11bonus/info3.html>請點此<※兌換前請您記得先準備好正卡人具有紅利點數功能之流通可用的信用卡正卡、出生月日及欲兌換商品之編號。※語音、網路或「中信卡優惠APP」…等系統，兌換時間會因晚間系統關檔維護而有所影響操作。
52,我如何以紅利點數折抵年費？,"每1,000點即可折抵年費80元，每2,000點折抵160元，以此類推，您可選擇折抵當期或次期年費，兌換方式如下：1.登入網銀→https://ctbc.tw/CQ0910>請點此<2.撥打刷卡得利語音兌換專線(02)2171-1130"
53,紅利兌換商品中的兌換券是否有使用期限？,因為兌換券的使用期限請依刊登期限使用，故於兌換前，請先考量您可配合使用的時間，因一經兌換，恕不退還。
54,紅利點數移轉至航空公司的「哩程酬賓計劃」所需要時間為何？紅利點數移轉後有何優惠？,移轉時間：需視各家航空公司的「哩程酬賓計劃」入哩時間而定，預計將於移轉後之二~三週可加入各哩程酬賓計劃帳戶中。紅利點數移轉後可享有優惠內容請至各航空公司的「哩程酬賓計劃」官網查詢：(1)「亞洲萬里通」旅遊獎勵計劃活動內容查詢網址：https://www.asiamiles.com/zh/sef.html/tw-cug-ctbc-bank>https://www.asiamiles.com/zh/sef.html/tw-cug-ctbc-bank<(2)長榮航空「無限萬哩遊哩程酬賓計劃」活動內容查詢網址：http://www.evaair.com/zh-tw/infinity-mileagelands/membership-benefits/introduction/>http://www.evaair.com/zh-tw/infinity-mileagelands/membership-benefits/introduction/<(3)中華航空「華夏哩程酬賓計劃」活動內容查詢網址：http://www.china-airlines.com>http://www.china-airlines.com<(4)新加坡航空「新航獎勵計劃KrisFlyer」活動內容查詢網址：http://www.singaporeair.com>http://www.singaporeair.com<以上各航空公司酬賓計劃內容若有修改，請以各航空公司最新公布為準。
55,我是否可指定不同的送貨地址？,為維護持卡人權益，避免他人冒用持卡人名義兌換回饋項目，商品或兌換券之寄送地址一律為信用卡帳單，中國信託亦不接受指定非持卡人本人為收件人。
56,我剛兌換的商品/折抵年費/哩程移轉/電信酬賓基金/捐款金可否取消？,所有的兌換都是經由電腦自動傳輸作業，故一經語音或網路系統確認兌換完成，恕不接受取消。
57,什麼是直接付?,「直接付」提供您便利、安全的行動錢包服務，已於逾萬家商店提供服務，中國信託信用卡卡友只需下載「中信卡優惠」APP到適用商店即可享受便利的手機付款。
58,我想使用直接付，請問需要準備什麼呢?,請先下載中信卡優惠APP登入「中信卡優惠」APP進行「直接付」設定（請準備您的中國信託信用卡）
59,如何將中信卡加入直接付?,請打開您的「中信卡優惠」APP選擇「直接付」登入網銀帳號設定直接付密碼選定中國信託信用卡並輸入效期限以中國信託發行之有效信用卡(排除簽帳金融卡、公司卡、AE卡)進行綁定。
60,哪裡可以使用直接付?,直接付可於以下商店使用***。(上刊時依實況填載)註：可使用直接付之商店以該商店範圍內實際使用之刷卡機接受之付款方式為準，如有變動以各商店店內規範為主。
61,如何使用直接付?,請打開您的「中信卡優惠」APP選擇「直接付」選擇「使用直接付」輸入直接付密碼商店掃描條碼付款
62,使用直接付需要收取額外的手續費嗎?,本行不會因為客戶使用直接付而收取額外的手續費，請安心使用。
63,需要連接網路才可使用直接付嗎？,使用直接付需連接網路。
64,我無法使用直接付完成交易,無法使用直接付完成付款常見的原因如下：請先確認手機是否有正常連接網路。原先綁定的卡片已停用或效期已到期。您綁定的信用卡未開放網路交易。如非上述原因，請來電中信客服進行查詢。
65,如何查詢直接付交易紀錄？,請打開您的「中信卡優惠」APP選擇「直接付」選擇「消費記錄查詢」
66,忘記直接付密碼應如何處理?,請打開您的「中信卡優惠」APP選擇「直接付」登入網銀帳號設定直接付密碼選定中國信託信用卡並輸入效期
67,使用「直接付」付款之交易，是否享有中國信託信用卡紅利點數/現金回饋。。。等回饋?,直接付交易等同信用卡刷卡交易，是否享有本行信用卡紅利點數/現金回饋。。。等回饋，悉依各卡所屬產品客戶回饋計劃為準。
68,如果掛失或停用實體卡，還能繼續使用直接付嗎？,一旦直接付綁定之卡片掛失或停用，將無法使用直接付付款。
69,我的行動裝置遺失、遭竊或出售，應如何處理？,「直接付」需要輸入您設定的直接付密碼方能使用，如果您仍有疑慮，可來電本行客服辦理卡片掛失補發，提醒您，卡片掛失補發需要作業時間，且您原先設定的代扣繳需重新以新卡號設定方能生效。
70,若更換了新裝置，需要重新將信用卡卡號加入「直接付」嗎?,為保障您的交易安全，更換新裝置後，需要請您重新完成「信用卡與直接付密碼設定」後方能使用「直接付」。
71,更換新門號後，需要重新將信用卡卡號加入「直接付」嗎?,更換新門號，不需要重新綁定直接付。
72,收到毀損補發或到期續用的實體信用卡，是否需要重新綁定直接付？,已停用或到期之卡片將無法使用，請您完成新卡開卡後再重新綁定直接付。
73,同一張卡片可以同時加入在不用行動裝置上的直接付嗎?,為保障您的交易安全，一個卡號只能加入一個行動裝置的直接付，同一卡號一旦加入新裝置，舊裝置的設定立即失效。
74,可以綁定多張卡片至同一裝置嗎？,目前同一裝置下的直接付只能綁定一張信用卡。
75,我在7-11使用直接付結帳，為什麼沒有發票？,為響應環保，在7-11使用直接付結帳，預設將電子發票存在您所綁定的信用卡而不再列印紙本。使用電子發票您不必擔心發票遺失、損毀，也可節省整理發票跟對獎的時間，中獎後本行將主動通知您。倘若您因其他因素需要紙本發票，請於結帳前先跟店員說明需印出紙本發票。
76,在7-11使用直接付結帳，如何使用中信紅利點數折抵消費金額?,在7-11使用直接付結帳，折扣後應付總金額達NT7元以上時，將會自動以歸戶之信用卡紅利點數優先支付，每25點紅利點數可折抵NT2元，最高折抵上限為當筆交易總金額之30%，剩餘款項則以「直接付」綁定之信用卡扣款支付。當您紅利點數不足或歸戶持有之信用卡不具紅利點數功能時，系統會自動轉換為全部以信用卡付款。交易品項中如含有菸品時，該筆交易將全額使用「直接付」綁定之信用卡扣款支付，無法使用紅利點數進行折抵。以下類型門市不適用紅利自動折抵功能，但仍可以使用直接付信用卡扣款。(A)非使用統一超商發票之特殊門市，如台鐵門市等。(B)離島門市，如綠島門市等。(C)雖使用統一超商發票，但為轄下關係企業門市。(D)折扣店門市等無法使用現金抵用券之門市。不適用紅利折抵門市請按以下https://www.ctbcbank.com/html/ATM/7-11bonus/info.pdf>連結<查詢。直接付「紅利點數折抵」之功能不適用於過期展延之點數及與財富管理合併之財富點。
77,什麼是 Hami Wallet?,透過中華電信設計的支付系統，可在”Hamiwallet”應用程式(多數裝置需另外至GooglePlay下載)內輸入信用卡資訊，完成驗證後，即可取代實體卡片於受理信用卡感應支付之商戶，完成刷卡交易。
78,在哪裡能使用 Hami Wallet?,所有受理感應式信用卡交易之商戶(設備過舊者除外)。
79,哪些裝置能使用 Hami Wallet?,具NFC功能且作業系統Android4.4以上之手機或平板可使用，以客戶手機或平板製造商公告為準。
80,哪些中信卡可使用 Hami Wallet?,"除公司卡、Debit卡、儲值卡外，及中信Visa,所有MasterCard信用卡皆可加入Hamiwallet，並請確認：須開啟螢幕解鎖機制(交易前須進行解鎖動作確保安全性)。確認卡片狀態是否正常，是否在效期內。"
81,附卡持卡人可否使用 Hami Wallet?,可以，附卡持卡人可直接使用他們的附卡申請HamiWallet。使用HamiWallet須於申請時同意接受新的Mobile信用卡持卡人使用條款。
82,Hami Wallet 加入卡片後如何完成身分驗證?,●透過留存於中國信託之手機門號收取啟用驗證碼。●致電本行客戶服務中心0800024365。
83,新增信用卡至 Hami Wallet 時，頁面要求我透過簡訊或 email 獲取驗證碼。驗證 碼是什麼？為何需要該驗證碼?,基於安全性考量，本行要求您輸入驗證碼來驗證身份。請按螢幕指示接收和輸入驗證碼。如您未能輸入驗證碼或驗證碼逾期，請致電本行客戶服務中心0800024365。
84,使用 Hami Wallet 交易如何退費?,如需要退費請依商戶指示或洽商戶出示HamiWallet內的卡片資訊。
85,Hami Wallet 有哪些使用限制?,手機須保持NFC功能開啟。一定時間或交易筆數後，為確保客戶裝置安全性，需連結wifi/電信網路。不支援的交易類型：接觸式刷卡交易、接觸式刷卡相關服務(包含特約商店贈品兌換、機場停車、市區停車等附加功能)、申請附卡、預借現金、代扣公用事業費、刷卡機離線交易。部分特約商店之設備或作業流程尚無法支援辦理刷卡分期、紅利折抵、感應式退貨交易、原實體信用卡對應之聯名卡權益優惠、原實體信用卡對應之國際組織提供之權益優惠等。
86,是否需要連上 Wi-Fi 以使用 Hami Wallet?,HamiWallet不需Wi-Fi或數據網路連線，因為交易會透過NFC晶片進行。但經過一定時間或一定的交易筆數後，為確保客戶裝置安全性，則需連結Wi-Fi。
87,如何知道 Hami Wallet 交易有沒有成功?,交易成功與否以商店提供之交易簽帳單為準，正常情況下交易成功也會收到推播通知；交易成功且完成請款的交易，可從每月信用卡帳單中揭露。
88,如何更改 Hami Wallet 中預設的交易卡片?,加進HamiWalletapp的第一張卡便是您的預設卡，新加入第二張卡不會成為預設卡，須開啟HamiwalletApp，點進欲設為預設卡的細項頁面，確認成為預設卡後方設定完成。
89,如何在 Hami Wallet 中移除卡片?,開啟HamiWalletApp點選指定卡片點選右上驚嘆號點選刪除卡片。
90,如我更換了新裝置，應如何處理?,如您更換您的裝置，那您需要重新加入您的信用卡至HamiWalletapp。請謹記於在您的裝置轉讓或進行維修保養或丟棄前，把您的信用卡從裝置上移除。
91,如何查詢 Hami Wallet 交易消費紀錄?,開啟HamiWalletApp點選指定卡片可瀏覽近期交易紀錄，或者下載中國信託卡優惠App或登入中國信託網路銀行皆可查詢刷卡交易紀錄。
92,Hami Wallet 交易有沒有實體卡片原本的回饋?,同實體卡片的現金回饋及紅利點、哩程數累積規則，請參考本行官方網站。
93,我有其他中國信託的行動支付服務（如 Line Pay/Apple Pay/直接付…等），我 還可使用 Hami Wallet 嗎?,可以，您可直接於您的Android裝置上加入您的中信卡來使用HamiWallet。
94,手機貼近刷卡機後沒有反應該怎麼辦?,檢查您的NFC設定，確認已選取HamiWallet；另外，手機保護殼過厚也可能影響NFC功能，可嘗試移除保護殼重新感應。
95,什麼是中國信託網路刷卡驗證服務？,中國信託網路刷卡驗證服務是由本行提供，並由國際組織驗證的安全購物機制，藉購物時確認持卡人身份，以提高網路交易的安全性。
96,為什麼要提供網路刷卡驗證服務呢？,本服務有以下優點﹕讓您在網路購物更安全，大幅降低卡片在網路上被偽冒的風險。享有本行網路刷卡驗證服務商店，不定期舉辦的購物折扣及各項優惠活動。
97,申請使用本服務後，網路上購物程序會不會變得很複雜？,不會，使用上非常容易，您在交易時，商店會將交易資訊送至本行系統，系統會即時顯示交易認證頁面，您只需在交易時確認交易資訊（卡號、交易金額）是否正確，再輸入網路刷卡「簡訊OTP密碼」即可完成交易，就好像您在ATM自動提款機使用時需要輸入密碼一樣，非常簡便，您可參考購物流程。
98,使用本服務後，我的卡片只能在有參加網路刷卡驗證服務的網路商店上購物嗎？,您的交易卡片可以在任何提供信用卡支付的網路商店上進行購物，不限於提供網路刷卡驗證服務的商店，這項機制只是讓您的網路購物更加安全，而不會限制您的購物範圍。
99,我可以在任何一台電腦上進行交易嗎？,可以。您可以在任何一台電腦使用。
100,我如何知道哪些商店是有提供網路刷卡驗證服務呢？,"提供網路刷卡驗證服務的網路商店，網站上都會有『VISA驗證,VerifiedbyVisa-VbV』或『MasterCardSecureCode』或『JCB驗證,J/Secure』。"
101,我在使用本服務，每次網路購物均需輸入此服務的密碼嗎？,只有在已經加入網路刷卡驗證服務的商店上購物才需要輸入網路刷卡「簡訊OTP密碼」。
102,『網路刷卡簡訊OTP密碼』若輸入錯誤達三次，還能使用嗎？,很抱歉，只要您的密碼輸入錯誤累計達三次，就無法進行交易了。
103,當交易時密碼輸入錯誤，怎麼辦？,只要您密碼輸入錯誤累計達三次，此服務將暫停使用，若您欲恢復使用，請依卡片背後連絡電話與本行客服中心聯繫。
104,客戶取消網路刷卡3D密碼認證，為何交易仍授權成功？,目前網路刷卡交易是否採用3D密碼認證，是由網路商店自行選擇。如商店選擇的條件是3D+SSL，且當持卡人在某家網路商店輸完卡號→確認交易後→跳出發卡行3D密碼認證輸入畫面→持卡人取消3D密碼認證或3D驗證密碼輸入錯誤時，網路商店將改走SSL交易，意即將不進行3D驗證、可直接向發卡行取得授權碼使交易成功。故如有此類之情事，建議本行卡友可向網路商店反應，建議商店調整其3D驗證類型設定。
105,我想設定LINE個人化通知項目怎麼做？ ,於「我的服務設定/查詢」上按「我的通知」再點選「通知設定GO」，即可自由選擇通知項目！
106,我只有信用卡附卡，沒有正卡，可以使用LINE個人化服務嗎？,信用卡須以正卡人ID為準，但若您有中國信託銀行帳戶即可設定個人化服務喔！
107,我是外籍人士，可以使用LINE個人化服務嗎？,目前僅能接受中華民國身份證字號設定個人化服務喔！
108,請問正卡人會收到附卡人的刷卡消費通知嗎？,不會的，目前刷卡消費通知會以通知該信用卡持卡人為準喔！
109,我是正卡人，可以設定附卡人的刷卡消費通知也傳給我嗎？,目前並未提供此服務，各持卡人僅能收到自己卡片的刷卡通知喔！
110,為什麼有些交易會收不到刷卡消費通知？,如果您的交易類型為”離線交易”(如悠遊卡自動加值)則不會收到此通知喔！
111,我收到LINE通知，如何分辨是否真的為中國信託所發送的通知？,可認明以下三個地方，就沒問題！LINE官方帳號名稱為「中國信託」，非「中國信託銀行」或其他名字。官方帳號名稱旁邊會有綠色盾牌，灰色或藍色都不正確唷！。官方帳號縮圖為中國信託紅色圓球，標示Wearefamily。
112,申請中國信託收單服務的好處?,提供信用卡付款方式，可減輕客戶消費負擔，更可提高單筆消費金額。商店不需要存留太多現金，可降低被搶劫及收到偽鈔之風險。可搭配發卡行或國際組織提供的優惠促銷活動，增加來客數。可申請加入國民旅遊特約商店。提供信用卡分期付款方式，可減輕消費者付款壓力，提高購買意願。商店不須為了自辦分期付款，而準備龐大資金調度及承擔呆帳風險。更有彈性的產品包裝及促銷手法，迴避單純的降價競爭，維持高獲利。可參加信用卡不定推出的分期付款優惠活動，增加客源。
113,網路刷卡後台EPOS登錄的帳號及密碼要如何設定呢？有什麼需要注意的地方？ ,登錄的帳號及第一次登入密碼由本行提供，登入後系統會要求更改密碼，長度最長為12碼，英數字皆可。在密碼方面建議不要使用他人易於取得之資訊作為密碼，如出生日期等，輸入時也請注意大小寫的不同，正式上線後相關單位可不定期更改密碼。
114,每家特約商店可以申請幾組系統登錄的帳號及密碼？可以更改嗎？,每家特約商店由本行提供一組登錄的帳號及密碼，特店可使用此帳號新增商店同仁之帳號與設定不同的使用權限。如果在設定後欲進行密碼變更，可使用系統中之－信用卡商店查詢系統密碼變更功能修改欲變更的密碼。
115,如果特約商店忘記了登錄密碼要如何處理？,如果商店忘記了使用者密碼，請您來電本行24小時商店服務中心0800-211-211重新設定。
116,系統中所查到的訊息是最即時的嗎？,是的，中國信託信用卡付款閘道查詢系統是直接和帳務系統連線，所以特約商店所查詢到的資料完全是即時產生的交易資料。
117,查詢完之後，要如何進入或離開系統呢？,在整合及連線手續完成後，日後特約商店欲使用本系統，請使用登入功能，使用完畢後請點選登出以登出系統。
118,為何我離開位子一下，就跳出查詢畫面了呢？,這是我們保護特約商店資料的措施，為避免您離開時重要交易資料遭有心人士取用或修改，故在設計上如超過三分鐘未使用，系統將視同使用完畢而自動登出，建議在使用完查詢系統時，請點選&quot;登出&quot;按鍵登出，並同時關閉瀏覽器。
119,請問刷卡授權成功後多久要完成請款?,已授權成功的交易，必須在消費日起3天內完成請款，以確保請款權益。
120,請問網路刷卡何時結帳?,已授權成功或已請款成功的交易，請於當天晚上8點完成請、退款作業，才會於當天結帳批次作業入帳。
121,請問超過系統規定請、退款時間，應如何作業?,請撥電至0800-211-211索取人工請退款表單，相關表單需正本寄回，後續將有專人為您處理請退款作業。
122,請問客人如需緊急恢復額度應如何作業?,如本行特約商店已進行訂單取消，持卡人額度暫時沒被恢復，若需恢復額度，請填寫取消授權申請表，並傳真至本行授權中心。表格請向業務同仁索取或來電0800-211-211按5再按2再按4索取取消授權申請表。
123,商店有帳務上的問題應向哪個單位查詢?,若有帳務問題，請撥電至0800-211-211按5再按3。
124, 請問請退款等相關費用會以何種方式交付給特約商店? ,本行相關費用(例如端末機保證金等)皆以匯款方式向貴寶號收取，推廣人員不接受現金往來。
125,請問刷卡簽單要保留多久?,本行特約商店一般交易簽帳單必須保存一年以上，分期交易簽帳單必須保存至分期結束後半年以上。
126,請問每月請款費用不足多少時，會酌收額外費用嗎?,"本行特約商店當月請款金額未達15萬時,將於次月請款金額中收取系統服務費500元。"
127,網路商店人員在處理訂單時應注意那些事項以降低交易風險?,"消費者購買金額及數量過大，請格外注意。若有配送機制,建議配送銷售商品至客戶訂貨處請客戶親簽送貨單並保留單據。建議貴公司對國外卡交易做較嚴謹的控管。請建立會員制度，並定期更新會員資料。會員資料輸入資料格式需正確。請確認開啟3DSecure網路安全機制，保障調扣權益(Visa、MasterCard否認交易風險不在商店端)。如經本公司要求調閱交易記錄及相關證明文件時，貴公司自通知日起7個日曆日內提供，內容需包含交易之『商品內容、交易網址、商店名稱、交易日期、交易金額、訂購者姓名、卡號與授權碼』；本公司調單時會提供卡號、交易日、交易金額，如有不明瞭處，請主動與本公司聯絡。持卡人交易記錄請至少保留一年。發現任何可疑之處，請打電話給授權中心0800-211-211。"
128,櫃台人員在幫客人刷卡結帳時應注意那些事項?,需核對消費者卡片背面簽名與簽單上面簽名相符。請注意可疑之刷卡人士(例如：刷卡次數太多、或一天持多張卡片分刷)。不可讓貴寶號負責刷卡以外人員接觸刷卡設備(尤其是陌生人)。若發現任何可疑之處，請打電話給授權中心0800-211-211。刷卡交易須刷過機器，不能直接打電話取授權碼(除非機器設備故障)。每筆信用卡交易需先刷卡後取得授權碼(一般及分期交易皆以總價索取授權碼)，核對刷卡機銀幕顯示之卡號與卡片實體卡號相同，請持卡人於簽單上親簽(免簽名交易除外)後才屬交易完成。感應式交易(如VISAWAVE)，其設備應裝置在持卡人目視可及處，且須由持卡人自行持卡完成交易卡片平印4碼(卡號前端旁)需與卡號前4碼相同(U卡除外)。使用壓印卡號之刷卡機進行交易時須完成卡號覆印動作，除非該張卡片為「無卡號凸字信用卡」，方能以手寫卡號方式完成交易。
129,請問可以櫃台刷卡機借給其他店家使用嗎?,本行特約商店不得私自遷移刷卡設備，及外借刷卡設備或商店代號予他人使用，亦不得向他人借入刷卡設備使用，違反者將予以解約並通報財團法人金融聯合徵信中心。
130,客人選擇刷卡時可以加手續費嗎？,依財政部規定使用信用卡支付交易費用，不得向消費者加收手續費，本行特約商店依規定刷卡不得向消費者加收手續費，否則處以解約處分，且會登錄信用瑕疵紀錄檔；另依貴我雙方簽訂之特約商店合約書內規範特約商店不得無故拒絕持卡人消費，亦不得限制每筆交易最高及最低金額。
131,請問可以拆帳單，把交易分開刷嗎?,本行特約商店不得將一筆交易分成二張簽單請款(俗稱拆帳單)，或降額試刷，否則可能會遭強制扣款或解約。
132,可接受持卡人『刷卡換現金』之交易嗎？,本行特約商店不得利用刷卡機器設備作融資交易(俗稱調現)。
133,可接受商店員工在自家商店刷卡消費嗎?,本行特約商店之負責人及員工不得於自營商店內消費。
134,特約商店地址、電話、或負責人等資料異動時，需要向本中心辦理變更嗎？,本行特約商店營業登記地址、電話、匯款帳戶等資料有更動時，或負責人已更換時，請速向本行簽約業務窗口辦理變更或換約，以免產生不必要困擾或引發糾紛。
135,國旅新制特約商店(業者篇),請點選此連結：https://www.youtube.com/watch?v=NjfxqaDsKvY&amp;feature=youtu.be>https://www.youtube.com/watch?v=NjfxqaDsKvY&amp;feature=youtu.be<
136,何我離開位子一下，就跳出查詢畫面了呢？,這是我們保護特約商店資料的措施，為避免您離開時重要交易資料遭有心人士取用或修改，故在設計上如超過三分鐘未使用，系統將視同使用完畢而自動登出，建議在使用完查詢系統時，請點選&quot;登出&quot;按鍵登出，並同時關閉瀏覽器。
137,掛失需要手續費嗎？,信用卡掛失手續費，每卡NT$100。※鼎極卡不收取，另Taipei101聯名卡持卡人每年可享1次Taipei101卡免收掛失手續費100元優惠。
138,掛失手續費100元是什麼費用？,在您掛失補卡後，本行立即通報國際組織中心(VISA/MASTER/JCB/NCC/AE)報送作業名單，通報您的卡片已遺失且已補發新卡號，若有他人使用舊卡消費，將視同無效，故會收取掛失通報成本費。
139,掛失卡片後，若有發生不是我的消費款，我要負擔嗎?,辦理掛失停用手續前持卡人被冒用之自負額以新台幣參仟元為上限。但有下列情形之一者，持卡人免負擔自負額：1.持卡人於辦理信用卡掛失停用手續時起前二十四小時以後被冒用者。2.冒用者在簽單上之簽名，以肉眼即可辨識與持卡人之簽名明顯不相同或以善良管理人之注意而可辨識與其持卡人之簽名不相同者。3.冒用者於本行同意辦理特定金額內免簽名之特約商店進行免簽名交易，且確認非持卡人本人交易且非持卡人串謀之交易。
140,掛失後，原舊卡的悠遊卡/一卡通/愛金卡餘額該如何處理?,只要您的電子票證為記名式，本行會自動將掛失後3小時的餘額，約40天內退回到您信用卡帳單中。
141,信用卡毀損補發需要手續費嗎？,您無須負擔任何毀損補發費用的，其製作成本全由本行承擔喔~
142,掛失或毀損補發信用卡後多久會拿到卡片呢？ ,我們將補卡手續完成後，二個工作天將您的卡片掛號寄至您的帳單地址。
143,補發的信用卡是否需要重新申請代扣繳？,信用卡到期續發、毀損及掛失補發新卡，因卡片有效期或卡號有變更，提醒您下列事項：1.帳單繳款方式為帳戶自動扣繳無須重新申辦，仍以原帳號繼續扣款。2.代扣公用事業費用(水費、電費及中華電信費)會以新卡繼續扣繳，無須重辦。3.帳單上分期付款消費仍會依原期數繼續出帳，無須重辦。4.累積之紅利點數（含聯名卡專屬點數）及現金回饋，維持不影響。5.其他代扣繳項目(例如：保費、捐款及其他電信費等)，請您自行向各代扣公司進行變更卡片有效期或卡號資訊方可繼續扣款。6.如舊卡於手機有綁定行動支付功能，如LINEPay、ApplePay、GooglePay等，需更新綁定之信用卡資料，避免交易失敗。
144,請問我毀補信用卡後，舊卡還能使用嗎？,毀補後舊卡不可使用，並請將舊卡先剪斷丟棄避免風險，並等到您收到新的信用卡片後，進行此新卡開卡即可使用。
145,正卡掛失後，附卡還能使用嗎?,原則上若您正卡掛失補發不會影響附卡人的使用，但若正卡不補發時，附卡將會立即註銷。
146,年度換卡，原舊卡的悠遊卡/一卡通/愛金卡餘額該如何處理？,舊卡到期換新卡後，客戶不需自行申請餘額轉置，本行將主動處理，舊卡到期後約40天左右，將餘額轉進客戶信用卡帳戶中。
147,我的信用卡好像遺失了？我可以先止付嗎?這會有費用嗎?,若您的卡片有遺失的可能，請盡快透過以下方式聯絡客服中心，為您辦理掛失止付服務。若您不確定卡片是否遺失，為避免風險，本行將先進行管制作業，管制時間將維持至隔日下午3：30分，在管制時間內找回卡片，請務必來電通知恢復用卡。若未接獲您的來電，卡片將以掛失處理，掛失生效後無法更改或取消。掛失換補新卡，將收取掛失費通報成本費每卡為100元。1.透過智能客服來幫忙，線上立即為您服務→https://webchat.ctbcbank.com/webchat/index?Channel=CSC&amp;Skill=c_gen&amp;KeywordEnabled=N&amp;FromPageId=TW_RB_SMCSC_39>請點此<2.聯絡24小時電話客服掛失服務專線→02-27458080再按0
148,我人在國外要如何打電話回台灣掛失?,本行提供24小時全年無休客戶服務中心，讓您在海外刷卡更安心，依不同國家提供免付費專線電話，查詢全球080免付費服務電話，https://service.ctbcbank.com/FAQ/Page01?kmid=10463>請點此<。
149,什麼是Apple Pay?,ApplePay是將信用卡綁定於Apple裝置(iPhone、AppleWatch、iPad、Mac)內一起使用。只要輕輕一觸，就能使用您的信用卡付款。
150,如何使用Apple Pay付款?,►店內付款要進行店內付款，無需喚醒你的iPhone或打開app。只需將iPhone靠近讀卡機，並將你的手指放在TouchID上。你將會在顯示螢幕上看到「完成」，同時感受到輕微的震動，並聽到提示音，告訴你付款資訊已送出。若使用AppleWatch，按兩下側邊按鈕，並將AppleWatch的螢幕靠近讀卡機。當送出你的付款資訊時，會以輕點一下及提示音作為確認。►App內付款和網站付款要在iPhone和iPad上進行app內付款和網站付款，請在結帳時選取ApplePay作為付款方式，並將你的手指放在TouchID上。要在Mac上以Safari進行付款，請選取ApplePay，然後在你的iPhone或AppleWatch上完成購買交易。
151,哪些地方可以使用Apple Pay?,您可於設有感應式付款刷卡機之商店(包含量販超市、藥妝店、餐廳及百貨公司等各類型商店)或有以下任一標誌之商店即可使用ApplePay。您亦可透過適用的iPhone或iPad到app內付款，了解更多→/content//twrbo/zh_tw/cc_index/cc_product/cc_mpay_index/cc_mpay_applepay.html>請點此<。
152,Apple Pay適用裝置？ ,iPhone，AppleWatch，AppleWatch，詳細適用產品型號請參閱https://support.apple.com/zh-tw/HT208531>Apple官網<
153,哪些中信卡可綁定Apple Pay?,目前VISA、MasterCard與JCB之中信信用卡(不含公司卡)、簽帳金融卡均可使用ApplePay。
154,如何綁定Apple Pay？,三個簡易步驟將您的中信信用卡/簽帳金融卡加入ApplePay。iPhone1.打開Walletapp。2.輕點右上角的加號。3.輸入你卡片的安全碼，即可從iTunes帳號加入你的卡片。或者選取「加入其他卡片」，並使用你的攝錄鏡頭來輸入卡片資訊。AppleWatch1.在你的iPhone上打開AppleWatchapp。2.輕點「Wallet與ApplePay」，並選取「加入卡片」。3.輸入你卡片的安全碼，即可從iTunes帳號加入你的卡片。或者選取「加入其他卡片」，並使用你的攝錄鏡頭來輸入卡片資訊。iPad1.前往「設定」。2.輕點「Wallet與ApplePay」，並選取「加入卡片」。3.輸入你卡片的安全碼，即可從iTunes帳號加入你的卡片。或者選取「加入其他卡片」，並使用你的攝錄鏡頭來輸入卡片資訊。Mac1.前往「系統偏好設定」。2.選取「Wallet與ApplePay」，點擊「加入卡片」，然後遵循步驟來加入新卡片。3.若系統要求您加入搭配iTunes使用的卡片，只須輸入該卡片的安全碼即可。更多介紹請詳https://support.apple.com/zh-tw/HT201469>Apple官網<
155,什麼是Google Pay?,GooglePay是使用NFC感應技術提供的行動支付服務，為消費者於實體店面消費(in-store)和APP應用程式內購買(in-app)，帶來快速、簡單且安裝方便。
156,Google Pay適用何種裝置?,具NFC功能且作業系統Android4.4以上之手機可使用於實體商店交易。AndroidKitKat4.4以上版本的平板可透過應用程式消費（in-App）內交易。※以手機或平板製造商公告為準，或洽https://support.google.com/pay/answer/7625055?hl=en&amp;ref_topic=6224829&amp;visit_id=636884962333237391-2264710658&amp;rd=1>Google網站公告<。
157,如何設定Google Pay?,1.開啟手機的「設定」應用程式，並確保已經開啟NFC功能。2.開啟GooglePay應用程式，然後按照設定指示操作。3.設定個人識別碼、上鎖圖案、密碼或指紋螢幕鎖定。
158,哪些中信卡可綁定Google Pay?,限持本行Visa、MasterCard卡片（含信用卡、簽帳金融卡）綁定GooglePay(不含JCB卡、AE卡、公司卡)。
159,如何在Google Pay加入中信卡?,您可以在GooglePay新增一張或多張中信卡，步驟如下：1.開啟GooglePay應用程式。2.輕按右下角的[+]。3.輕按[新增信用卡或扣帳卡]。4.以相機拍下或自行輸入付款卡資料。5.選擇簡訊驗證並輸入驗證驗證碼。
160,如何使用Google Pay付款?,請參閱本行官網說明→/content/twrbo/zh_tw/cc_index/cc_product/cc_mpay_index/cc_mpay_googlepay.html>請點此<。
161,哪些地方可以使用Google Pay?,請參閱本行官網說明→/content/twrbo/zh_tw/cc_index/cc_product/cc_mpay_index/cc_mpay_googlepay.html>請點此<。
162,LINE Pay卡與LINE Pay支付的差異?,LINEPay支付LINEPay是LINE推出的行動支付平台，只要註冊好帳號並綁定信用卡後，就能在LINEPay配合的實體或線上商店消費；輸入LINEPay專屬密碼，開啟LINEPay就完成結帳付款。LINEPay卡與一般信用卡相同，您可以在接受信用卡消費的商家使用LINEPay卡消費，同時，您也可以在所有與LINEPay卡合作商家使用LINEPay卡消費。
163,LINE Pay支付消費失敗，怎麼辦?,您可透過以下方式解決問題：1.線上填寫https://contact-cc.line.me/serviceId/11399>問題反應表<諮詢(服務時間：00:00~24:00，365天全年無休)2.撥打LINEPay客服專線：(02)6631-5166(服務時間：09:00~18:00，365天全年無休)
164,信用卡綁定LINE Pay失敗原因?,信用卡綁定LINEPay失敗可能為以下原因：1.輸入的卡片資訊有誤(如卡號、效期…等)2.信用卡未開卡3.信用卡有設定關閉網路交易功能
165,如何註冊LINE Pay帳號?,手機裝置需將LINE更新至5.2.0以上版本，並依以下步驟進行註冊：1.手機版LINE「錢包」→「LINEPay」2.進入LINEPay歡迎畫面，並點選「開始」3.同意使用條款後點選「註冊新帳號」，依畫面步驟輸入必要資訊。4.註冊完LINEPay帳號後，您可設定LINEPay專屬密碼。※若您尚未設定LINEPay密碼前變更裝置，您將無法繼續使用您的LINEPay帳號。
166,如何於實體商店使用LINE Pay付款結帳？,您可依照以下步驟使用LINEPay付款：1.手機版LINE「錢包」→「LINEPay」2.點選「我的條碼」3.輸入LINEPay專屬密碼（或使用TouchID）4.請店員掃描條碼，即可付款完成。※7-ELEVEN與全家便利商店需使用LINEPay綁定中信卡消費。觀看流程圖→/content/twrbo/zh_tw/cc_index/cc_product/cc_mpay_index/cc_mpay_linepay.html>請點此<(進入後點選如何付款)
167,如何於網路商店使用LINE Pay付款結帳？,您可依照以下步驟使用LINEPay於網路商店付款：1.選擇產品，點選付款→付款方式選擇LINEPay2.登入LINEPay電腦版選擇登入方式：LINE帳號、QRcode畫面若選擇掃描QRcode＞手機版LINE「錢包」＞LINEPay＞掃描。App版系統將直接跳轉至LINEPay頁面。3.確認LINEPay付款內容，並選擇使用點數折抵及金額。4.輸入LINEPay專屬密碼，付款即可完成。觀看流程圖→/content/twrbo/zh_tw/cc_index/cc_product/cc_mpay_index/cc_mpay_linepay.html>請點此<(進入後點選如何付款)
168,信用卡如何綁定LINE Pay行動支付?,請您依照以下步驟進行綁定：1.點選LINE的「錢包」2.同意條款並設定密碼3.進入LINEPay頁面並選擇「註冊信用卡」4.新增信用卡資訊(自行輸入卡號或掃描信用卡)5.按下「註冊信用卡」即可完成綁定。(一次最多可同時綁定四張信用卡)※提醒您：信用卡授權認證過程中，系統將會進行新台幣一元預扣，僅作認證之使用因此用戶無需支付，惟退款時間因銀行而異。觀看流程圖→/content/twrbo/zh_tw/cc_index/cc_product/cc_mpay_index/cc_mpay_linepay.html>請點此<(進入後點選如何綁定)
169,什麼是Samsung Pay?,SamsungPay是一個安全、便捷的行動支付服務，幾乎到處都能使用SamsungPay進行購物。它可支援信用卡，透過支援近場無線通訊(NFC)技術或者磁條感應（MST）技術，使商家和消費者更容易接受及使用行動支付。
170,如何使用Samsung Pay付款?,1.從裝置Home鍵由下往上滑動來啟動SamsungPay的付款介面。2.左右滑動選擇中國信託信用卡付款。3.驗證指紋後，將您的手機靠近刷卡機或NFC感應器來完成交易。※如不使用指紋辨識功能，可以改為輸入4位數密碼。
171,哪些地方可以使用Samsung Pay?,SamsungPay專有的磁條感應（MST）技術或近場無線通訊(NFC)付款技術，讓用戶能夠使用感應式付款。因此Samsung手機用戶在幾乎所有的刷卡機器皆可進行安全的交易。
172,Samsung Pay適用裝置?,支援SamsungPay手機型號，請以https://www.samsung.com/tw/samsungpay/?cid=TW_ppc_yahoo_samsungpay_20170601_galax%20ys6samsungpay__text__%E6%89%8B%E6%A9%9F%E5%9E%8B%E8%99%9F_S6_samsungpay_MobileDevices>Samsung官網<說明為主。
173,如何設定Samsung Pay?,"1.手機軟體更新最新的Android版本。2.於應用程式列表找到SamsungPay。※GalaxyS8、Note8與後續機種：已預載於手機，不需系統更新。※其他型號：請點選「設定」→「軟體更新」,按「手動下載更新」3.點選SamsungPay圖示，安裝應用程式。4.登入您的三星帳號即可無所不Pay。"
174,如何在Samsung Pay中加入中信卡?,1.進入SamsungPayAPP，點選右下方進入登入按鈕，並輸入已註冊的三星帳戶。2.可選擇使用虹膜、指紋或註冊四位數字密碼作為身份驗證方式。3.可透過相機自動辨識卡片內容，亦可手動方式輸入信用卡號、到期日及安全碼等資訊。4.透過簡訊OTP來驗證您的信用卡；請在指定時限內，輸入簡訊內驗證碼完成驗證。5.請以手指輸入與該信用卡卡背相同之簽名。
175,那些中信卡可以綁定Samsung Pay?,限持本行Visa、MasterCard卡片（含信用卡、簽帳金融卡）綁定SamsungPay(不含JCB卡、AE卡、公司卡)。
176,LINE Points回饋方式說明,2019LINEPay卡LINEPoints回饋計畫分為4大類型：1.海外消費享2.8%回饋(限信用卡)，天天回饋無上限。2.一般消費享1%回饋(排除本行官網公告不適用回饋項目)。3.一卡通票證加碼1%(一卡通儲值金支付全臺大眾交通費用，高鐵不適用)。4.十大品牌，加碼回饋最高享15%，各商店回饋細項說明→https://www.ctbcbank.com/tw/html/long/creditcard/LINEPay/stores.html>請點此<
177,LINE Points點數回饋時效,1.海外消費2.8%回饋(限信用卡)和一般消費1%回饋，點數將於商店請款後5個營業日撥入LINEPay卡綁定之LINE會員帳戶，回饋點數為「一般點數」，由LINEPay計算後四捨五入入點，相關資訊可於LINEPOINTS內「一般點數」查詢。2.LINEPOINTS額外加碼回饋點數將於合作商店請款後90天內發送完畢(Hotels.com為實際完成入住後90天內完成入點，ShopBack請詳https://www.ctbcbank.com/tw/html/long/creditcard/LINEPay/index.html#section-shopbacktarget=_blank>ShopBack專區說明<)，額外加碼回饋點數以各合作商店之額外加碼回饋率乘以結帳金額後四捨五入入點，回饋點數為「一般點數」，效期180天，相關資訊可於LINEPOINTS內「一般點數」查詢。※屈臣氏/愛買/STUDIOA/大苑子/秀泰影城(不含LINEPay條碼支付/基隆、花蓮、台東秀泰影城/今日、東南亞、板橋秀泰影城的自助購票機)於108/4/1起、TRUEYOGAFITNESS(不含TRUEGROUP)自108/4/12起，消費入帳之LINEPOINTS加碼回饋點數將併同一般消費1%回饋於合作商店請款後5個營業日撥入LINEPay卡綁定之LINE會員帳戶，回饋點數為「一般點數」，由LINEPay計算後四捨五入入點，相關資訊可於LINEPOINTS內「一般點數」查詢，其餘仍為90天內入帳。愛買、TRUEYOGA加碼回饋活動期間至108/6/30日止。3.一卡通票證加碼1%(每100元給1點，點數4捨5入計算)：一卡通會依據前一個月1~31日的交通消費明細來給點，LINEPay於每月5號將上月獲得點數入點至LINEPay帳戶。※一卡通給檔日期1~31日的累計金額計算（因通路交易資料回傳會延誤2-3天，不是消費者交易日在1日~31日，所以檔案內可能包含前月底28.29.30日的交易內容）。※2019/5/8起透過LINEPay卡刷卡回饋入點之LINEPoints將改以『一般點數』回饋。
178,LINE Points「一般點數」與「限時點數」的差異？,「一般點數」為LINEPay卡額外加碼回饋，且自獲得點數日起算180天內有效，。「限時點數」為參與特定活動所獲得之點數，效期計算方式需以活動內容說明為主，目前僅限台灣地區用戶使用。
179,LINE Pay卡是否要綁定LINE Pay才有回饋?,LINEPay卡需於首次刷卡前綁定LINEPay才能獲得LINEPoints回饋，但沒有限一定要用LINEPay條碼支付，刷實體卡一樣可獲得LINEPoints回饋。
180,LINE Points有使用期限嗎?,自2019/5/8起，透過LINEPay聯名卡消費獲得的LINEPoints回饋，將由「限時點數」改以「一般點數」，效期延長，將依據您最後一筆的消費入點日「往後起算180天」，只要您持續使用中國信託LINEPay卡，點數不斷累積，效期將自動展延，毋須擔心點數會失效。※2019/5/8前所獲得的未使用且未過期失效的限時點數，將自動於2018/5/800:00起合併至一般點數。※有關LINEPay卡累積的LINEPoints點數之使用規範及相關權利義務，皆依據LINEPay卡制定之規定，詳細內容以LINE官方公告為準。
181,如何查詢LINE Points點數?,查詢LINEPoints累積點數，您可透過LINEAPP主畫面點選「錢包」→「LINEPoints」→頁面上方的「歷史記錄」即可查詢。
182,LINE Points點數到期前是否會有通知?,如您有即將到期的LINEPoints限時點數，會由LINEPointsteam發送推播通知，提醒用戶記得前往使用。發送時間為：1.有7天內即將到期限時點數。2.有近30天到期的限時點數，且於每週五推播通知。※您可透過LINEAPP的「LINEPoints記錄」→「限時點數」下方點選灰色字體「其中30天內失效點數」，即可看到預計到期點數量及該點數的效期資訊。
183,如何查詢LINE Points點數折抵商店?,您在以下商店開啟LINEPay「我的條碼」，勾選開啟點數支付功能，就可以使用LINEPoints點數折抵優惠。商店名稱：台北101、新光三越、GlobalMall環球購物中心、Miramar美麗華百樂園、便利超商(7-ELEVEn、FamilyMart全家便利商店、萊爾富)…等，更多合作商店請使用手機開啟LINEAPP→點選LINE錢包→LINEPay→合作通路，即可查詢到。
184,LINE Pay卡掛失換卡，已刷卡尚未請款消費的LINE Points是否會回饋? ,請您放心，請先不要刪除原LINEPay卡綁定，待交易入帳時就可收到該筆款項LINEPoints點數回饋。
185,LINE Pay卡解除綁定，已獲得的LINE Points會不見嗎?,請您放心，LINEPay卡解除綁定不會影響已入點之LINEPoints。
186,中信LINE Pay卡消費不適用回饋的商店,使用中國信託LINEPay信用卡及中國信託LINEPay簽帳金融卡刷卡消費將不再累積紅利點數，亦不適用本行『刷卡得利計畫』、『中信紅利商店計畫』及現金回饋計劃等活動辦法，且繳付消費以下項目，不予計算LINEPoints點數積點：(1)扣繳信用卡年費、利息、預借現金、逾期還款違約金，以及依「中國信託信用卡約定條款」約定之其他各項手續費。(2)刷卡買基金、賭博籌碼或旅行支票之相關交易金額及費用。(3)繳學費、各項稅款、社區管理費、違規罰緩及政府規費。(4)分期靈活金、帳單分期、分期付款交易。(5)儲值電子票證之自動儲值金。(6)eTag儲值與eTag智慧停車費用之扣繳。(7)代扣繳各項公用事業費用(包含台電、省水、市水、瓦斯、各縣市路邊停車費等)、中華電信各項電信費用及健保費(區公所加保)。(8)透過中信卡優惠、中信HomeBank及網路銀行繳納各項公用事業費用及電信費。(9)透過各繳費及支付平台，(包含但不限於有無繳納手續費之i繳費、醫指付APP、全國繳費網平台、電子化繳費稅處理平台、公務機關信用卡繳費平台等)繳納之各項費用。(10)繳納公務機關費用或公立醫療機構之醫療服務(但醫美整形、產後護理或健康檢查等費用則不在此限)。→例:市立忠孝醫院的健檢費用若是使用第9項的任一方式支付，一樣無法獲得回饋，倘該公立醫院的健檢費用刷卡不是使用第9項的任一方式支付，就會獲得回饋。(11)全聯福利中心消費。(12)便利商店(如7-11、全家、萊爾富、OK超商)消費。(13)透過聯合信用卡處理中心小額支付平台之特約商店之消費(如便利超商、速食店、停車費等行業)。(14)透過Pi行動錢包連結信用卡付款之各型態消費(如於統一超商使用Pi行動錢包付款)。(15)特定行銷專案或其他經本行公告不回饋之項目。
187,LINE Points如何兌換商品券?,LINEPoints可在實體或網路商店消費時使用。如欲兌換商品券，您可透過LINEAPP的「LINEPoints」點選「使用」後，即可瀏覽推薦類別「兌換」、「商品」、「抵用券」、「其它選擇」…等。※實際可兌換項目以LINE公司公告為準。
188,紅利點數可以兌換什麼?,紅利點數可以兌換的類別很多，舉例說明如下~1.百貨商店即時折抵消費金額，完整百貨商店及折抵比例→https://www.ctbcbank.com/html/201912/NB2018122426-31/index.html>請點此<2.兌換哩程，配合的航空公司有長榮、華夏、亞洲萬里通、新航等，詳細兌換流程及注意事項→https://www.ctbcbank.com/html/long/creditcard/CNB2017010407/p1.html>請點此<3.兌換紅利商品至「利樂紅利網」→https://www.relo.com.tw/relo/ctbccreditlogin.aspx>請點此<，註冊成為會員後進行兌換或即享券(如:百貨公司商品券、餐券)，至「https://shop.ticketxpress.com.tw/822>TicketXpress即享券商城<」，註冊成為會員後進行兌換。4.紅利點數變愛心捐款，詳細兌換流程及注意事項→https://www.ctbcbank.com/html/long/creditcard/CNB2016120115/index.html>請點此<5.兌換7-ELEVEn商品，可利用「中國信託ATM」、「中信卡優惠APP」、「Ibon機台」及「IbonAPP」方式來進行兌換，詳細流程→https://www.ctbcbank.com/html/ATM/7-11bonus/info3.html>請點此<。
189,請問紅利點數回饋方式為何？,"使用具參加資格之信用卡消費，當月帳單新增符合回饋之消費金額滿NT3,000元(含)以上，單筆消費金額每滿NT30元即可自動累積一點，但單筆消費金額未滿NT30元者，或非回饋點數之消費均不予計算點數積點且不計入當月帳單新增消費門檻中。但您若申辦電子帳單、行動帳單或申辦自動扣繳，則不受當月帳單新增消費金額滿NT3,000元(含)之限制。"
190,哪些消費不計入紅利點數回饋?,一般消費都有會回饋紅利點數，除下列項目不予計算積點：1.扣繳信用卡年費、利息、預借現金、逾期還款違約金，以及依「中國信託信用卡約定條款」約定之其他各項手續費。2.刷卡買基金、賭博籌碼或旅行支票之相關交易金額及費用。3.繳學費、各項稅款、社區管理費、違規罰緩及政府規費。4.分期靈活金、帳單分期、分期付款交易。5.儲值電子票證之自動儲值金。6.eTag儲值與eTag智慧停車費用之扣繳。7.代扣繳各項公用事業費用(包含台電、省水、市水、瓦斯、各縣市路邊停車費等)、中華電信各項電信費用及健保費(區公所加保)。8.透過中信卡優惠、中信HomeBank及網路銀行繳納各項公用事業費用及電信費。9.透過各繳費及支付平台，(包含但不限於有無繳納手續費之i繳費、醫指付APP、全國繳費網平台、電子化繳費稅處理平台、公務機關信用卡繳費平台等)繳納之各項費用。10.繳納公務機關費用或公立醫療機構之醫療服務(但醫美整形、產後護理或健康檢查等費用則不在此限)。11.全聯福利中心消費。12.便利商店(如7-11、全家、萊爾富、OK超商)消費。13.透過聯合信用卡處理中心小額支付平台之特約商店之消費(如便利超商、速食店、停車費等行業)。14.透過Pi行動錢包連結信用卡付款之各型態消費(如於統一超商使用Pi行動錢包付款)。15.特定行銷專案或其他經本行公告不回饋之項目。
191,刷卡後何時可以獲得紅利點數？,當月帳單中獲得之紅利點數，將統一於當月帳單結帳日結算計入，持卡人於結算日起算二個營業日後始得動支點數。
192,ANA哩程點數如何回饋？,1.一般消費(排除不回饋消費)：極緻卡特別加碼每NT20元(原NT25元)晶緻卡、商務御璽卡每NT30元白金卡、御璽卡每NT40元累積1點ANA哩程點數。2.海外消費(108/12/31前特別加碼)：極緻卡每NT10元晶緻卡、商務御璽卡每NT15元白金卡、御璽卡每NT30元，累積1點ANA哩程點數。※ANA哩程點數正附卡合併回饋，計算至整數，小數點後不予計算，回饋無上限。
193,ANA哩程點數兌換方式？,"1.語音兌換路徑：撥打語音專線02-2171-1130→按2哩程移轉及點數折抵→輸入卡號及生日→按5哩程酬賓移轉→按5航空公司聯名卡兌換哩程→選擇ANA聯名卡2.網銀兌換路徑：登入網路銀行→點數專區→點數/回饋金兌換→哩程兌換→ANA哩程點數，立即兌換→https://ctbc.tw/CA2010>請點我<※每1哩ANA哩程點數可兌換1哩ANA哩程俱樂部哩程，且限正卡持卡人兌換，每次最少兌換數為100點，最大兌換數為99,999點。正卡持卡人須同時具備ANA哩程俱樂部會員資格方得完成兌換作業，本行轉出後約６個工作天後，客戶可於ANA網站查詢。"
194,ANA哩程點數的期限是？,每月新增的ANA哩程點數，將於二年後的年底最後一個工作日到期歸零失效。
195,大中華卡哩程點數如何回饋？,1.人民幣消費：無限卡及商務御璽卡NT11元回饋1哩、御璽卡NT23元回饋1哩2.其他外幣消費：無限卡NT12元回饋1哩、商務御璽卡NT15元回饋1哩、御璽卡NT25元回饋1哩3.台幣消費：無限卡NT22元回饋1哩、商務御璽卡NT23元回饋1哩、御璽卡NT30元回饋1哩
196,大中華卡哩程點數兌換方式？,哩程點數須經正卡人向本行申請兌換大中華攜手飛聯名卡之中華航空、東方航空、南方航空、廈門航空哩程(積分)。移轉後之相關使用規範依據各航空公司辦理，立即兌換→https://ctbc.tw/CA1310>請點我<
197,大中華卡哩程點數的期限是？,大中華攜手飛聯名卡所累積之哩程點數未經兌換者，將於卡片效期到期(五年)或卡片失效(註銷)後，將自動失效。
198,哪些消費不回饋大中華/ANA哩程數？ ,1.扣繳信用卡年費、利息、預借現金、逾期還款違約金，以及依「中國信託信用卡約定條款」約定之其他各項手續費。2.刷卡買基金、賭博籌碼或旅行支票之相關交易金額及費用。3.繳學費、各項稅款、社區管理費、違規罰緩及政府規費。4.分期靈活金、帳單分期、分期付款交易。5.儲值電子票證之自動儲值金。6.eTag儲值與eTag智慧停車費用之扣繳。7.代扣繳各項公用事業費用(包含台電、省水、市水、瓦斯、各縣市路邊停車費等)、中華電信各項電信費用及健保費(區公所加保)。8.透過中信卡優惠、中信HomeBank及網路銀行繳納各項公用事業費用及電信費。9.透過各繳費及支付平台，(包含但不限於有無繳納手續費之i繳費、醫指付APP、全國繳費網平台、電子化繳費稅處理平台、公務機關信用卡繳費平台等)繳納之各項費用。10.繳納公務機關費用或公立醫療機構之醫療服務(但醫美整形、產後護理或健康檢查等費用則不在此限)。11.全聯福利中心消費。12.便利商店(如7-11、全家、萊爾富、OK超商)消費。13.透過聯合信用卡處理中心小額支付平台之特約商店之消費(如便利超商、速食店、停車費等行業)。14.透過Pi行動錢包連結信用卡付款之各型態消費(如於統一超商使用Pi行動錢包付款)。15.特定行銷專案或其他經本行公告不回饋之項目。
199,現金回饋何時結算？在帳單上如何列示？,在每月結帳時統一計算回饋金，折抵次期帳單消費，帳單明細呈現「現金回饋帳單抵用」。
200,回饋金有使用期限嗎？,回饋金沒有使用期限，只要您名下仍有流通信用卡，持續消費即可折抵使用。
201,現金回饋的適用卡別有哪些？,現金回饋卡卡別包含：鼎極世界卡、鈦金卡(含鈦有利)、現金回饋御璽卡、寰遊美國運通卡、Superlife卡、鈦金國旅卡、台幣商務卡(僅國外消費)，商旅鈦金卡(108年4月發行之新卡)。
202,那些消費無法獲得現金回饋?,現金回饋或年度回饋金(以下簡稱回饋金)加碼限計算新增之一般消費(商務卡另限國外消費)，但不包含1.扣繳信用卡年費、利息、預借現金、逾期還款違約金，以及依「中國信託信用卡約定條款」約定之其他各項手續費。2.刷卡買基金、賭博籌碼或旅行支票之相關交易金額及費用。3.繳學費、各項稅款、社區管理費、違規罰緩及政府規費。4.分期靈活金、帳單分期、分期付款交易。5.儲值電子票證之自動儲值金。6.eTag儲值與eTag智慧停車費用之扣繳。7.代扣繳各項公用事業費用(包含台電、省水、市水、瓦斯、各縣市路邊停車費等)、中華電信各項電信費用及健保費(區公所加保)。8.透過中信卡優惠、中信HomeBank及網路銀行繳納各項公用事業費用及電信費。9.透過各繳費及支付平台，(包含但不限於有無繳納手續費之i繳費、醫指付APP、全國繳費網平台、電子化繳費稅處理平台、公務機關信用卡繳費平台等)繳納之各項費用。10.繳納公務機關費用或公立醫療機構之醫療服務(但醫美整形、產後護理或健康檢查等費用則不在此限)。11.全聯福利中心消費。12.便利商店(如7-11、全家、萊爾富、OK超商)消費。13.透過聯合信用卡處理中心小額支付平台之特約商店之消費(如便利超商、速食店、停車費等行業)。14.透過Pi行動錢包連結信用卡付款之各型態消費(如於統一超商使用Pi行動錢包付款)。15.特定行銷專案或其他經本行公告不回饋之項目。
203,使用機場貴賓室需要預約嗎？,只要您符合使用優惠資格及消費條件，即可直接前往本行合作之國內外貴賓室，但為維持貴賓室使用品質，貴賓室人員將視貴賓室使用狀況而調整進入貴賓室人數。1.台灣地區配合貴賓室：出示個人中信信用卡過卡使用。2.海外貴賓室：直接出示APP虛擬龍騰卡或實體龍騰卡，無需出示中信信用卡。
204,如何申請龍騰卡？需要準備甚麼資料嗎？,歡迎申請成為龍騰卡會員，龍騰卡申請是由肯驛國際客服協助申請，請先準備您的信用卡、護照英文姓名、出生月日及手機號碼，您可透過以下2種方式申請：1.網站申請：中信龍騰卡網站2.電話申請：肯驛客服(04)2206-8195※服務人員會依您提供資料進行確認及發卡，使用及收費方式依中信各卡權益規範為準→https://www.freeliving.com.tw/dragonpass/ctbc/index.htmltarget=_blank>請點此<。
205,請問目前中國信託配合的機場貴賓室？ ,台灣地區：1.桃園機場→龍騰卡餐飲、環亞貴賓室及華航貴賓室2.台中機場→龍騰卡餐飲3.高雄小港機場→龍騰卡餐飲及華航貴賓室海外地區：現場需出示APP虛擬龍騰卡或實體龍騰卡方得使用。海外可於龍騰卡貴賓室使用，全球超過800個機場貴賓室可使用休憩。※國內／外貴賓室位置查詢→https://www.ctbcbank.com/twrbo/zh_tw/cc_index/cc_additional/cc_add_index/cc_add_viproom.htmltarget=_blank>請點此<。
206,請問可以同一天進去同一個機場貴賓室兩次嗎？,很抱歉，於同一機場，持卡人每天僅可使用一次。
207,請問機場貴賓室，可以攜帶小孩免費使用嗎？,因各地機場貴賓室之經營權及維護作業均由各機場貴賓室負責，本行無經營管理權，如各地機場貴賓室所提供之設備、攜伴人數及年齡限制、開放時間或免費使用規定變動，請依現場所示。
208,請問機場貴賓室攜伴費用是多少？,機場貴賓室服務限提供持卡人本人使用，如欲攜伴同行賓客不論是孩童或大人，每位每次享優惠價750元，且自持卡人本人之信用卡帳單中收取攜伴費用，攜伴人數及年齡限制以貴賓室現場所示。※更多說明請參閱本行官網→https://www.ctbcbank.com/twrbo/zh_tw/cc_index/cc_additional/cc_add_index/cc_add_viproom.htmltarget=_blank>請點此<
209,機場貴賓室服務使用資格？,108/1/1～108/12/31適用期間，符合以下任一項刷卡門檻即可使用：1.90天內刷機票／團費單筆達2萬元以上。2.近一個月帳單新增消費金額達2萬元以上。3.近3個月帳單累計新增消費金額達10萬元以上。4.近12個月帳單累計新增金額(不含綜所稅)達60萬元以上。※適用的信用卡及使用次數說明，可參考本行官網→https://www.ctbcbank.com/twrbo/zh_tw/cc_index/cc_additional/cc_add_index/cc_add_viproom.htmltarget=_blank>請點此<
210,信用卡旅平險要如何才能享有保障？,您只須以本行之VISA、MASTER、JCB及AE卡之正附卡刷卡支付公共運輸工具全部費用或參加旅行團刷卡支付80%以上之團費，毋須事先辦理任何手續，即可免費享有本項保險；公共運輸工具若為飛機，機票金額包含機場稅及兵險，不另行扣除計算。
211,請問信用卡旅平險投保的保險公司為何？,理賠單位：台壽保產物保險股份有限公司，官方網站→https://www.tlg-insurance.com/target=_blank>請點此<、24小時客戶服務電話：0800-882-868。
212,請問旅遊保險的保障對象是？,本保險適用於持卡人本人、配偶及受扶養未滿25足歲之未婚子女(不限同行)；若未滿25足歲之子女已結婚又離婚，是無法獲得理賠。
213,如何查詢信用卡旅平險保額？,"1.商務世界卡/鼎極卡/大中華攜手飛聯名卡/公司卡/商務卡/ANA極緻卡/ANA晶緻卡：5,000萬元。2.商旅卡：4,000萬元。3.ANA御璽卡/ANA白金卡：3,000萬元。4.鈦金卡/御璽卡/寰遊美國運通卡/晶緻卡/白金卡/國民旅遊卡：2,000萬元。5.金卡：1,200萬元。6.普卡/簽帳金融卡：450萬元。"
214,何謂信用卡旅遊平安險?,1.被保險人(持卡人、其配偶及受其扶養且未滿25足歲之未婚子女)以信用卡支付全部公共運輸工具票款或百分之八十以上團費者。「公共運輸工具」指經當地政府登記許可，行駛於固定航、路線之商用客機或水、陸上公共交通工具。2.被保險人以有效之承保信用卡支付全部票款搭乘或上下公共運輸工具期間。3.於飛機原訂起飛前五小時或實際起飛前五小時使用交通工具前往機場期間。4.於機場內。5.於飛機抵達機場後五小時內，使用交通工具離開機場期間。6.其餘詳細注意事項，請參考本行官網說明→https://www.ctbcbank.com/twrbo/zh_tw/cc_index/cc_additional/cc_add_index/cc_add_ins_travel.html;jsessionid=WE-_-lWxKgx45cSzYMsxOBx4FgpiEm8nHTrahvcCqnLWWrwKavE4!423180583?id=TW_RB_CM_creditcard_000045target=_blank>請點此<
215,所謂公共運輸工具是指哪些？,「公共運輸工具」係指當地政府登記許可，行駛於固定航路線並以大眾運輸提供旅客運送為目的之商用客機或水陸上公共交通工具，如：飛機、火車、高鐵、渡輪、統聯客運、國光客運...等，但不含公車。除上述所提之公共運輸工具外，其餘如：遊覽車、計程車、摩托車、腳踏車、三輪車、遊輪、直昇機、纜車...等皆非公共運輸工具。
216,出國旅遊包機，有保障嗎？,旅遊不便保險及公共運輸工具傷害附加保險之承保範圍除定期班機外尚包括包機及加班機（台商春節返鄉之包機亦涵括在內）、小三通。包機定義為：航空公司用以招攬不特定團員報名，經當地政府登記許可行駛於固定航線之商用客機的定期包機及既有航線之加班機。但排除政府包機（如元首出訪、專機接送、僑民、軍包機接送放假軍人等）、及公民營企業或私人包機（如各壽險公司招待業務員於海外舉辦精英大會之包機等）。但其前提仍受限於保險期間內使用有效之承保信用卡支付全部票款（含公共運輸工具）或八成以上團費者之限制。
217,如果我只買機票，是不是一定要全額刷卡才有保險呢？,是的，唯有全額機票款以信用卡支付方可享有保障。
218,如果我遇到航空公司促銷，買到折扣價的機票，那是否享有保障？,只要折扣價機票的票面價格等於刷卡金額即享有保障。若為折價券+刷卡機票者，並未以信用卡支付機票全額是沒有理賠的。
219,使用悠遊卡自動加值搭乘捷運，可享有保障嗎？,悠遊卡（無論悠遊聯名卡或是有TSCC功能的信用卡）搭乘捷運不享有旅遊平安險、旅遊不便險的保障。因為信用卡提供悠遊卡是自動加值的服務，非直接購買捷運車票，故不在旅遊平安險的範圍。
220,我可以自費加保旅遊平安險嗎？,可透過本行網路銀行自行投保（智選保）→https://www.ctbcbank.com/twrbc/twrbc-invest/ot001/013target=_blank>請點此<
221,我要去哪裡索取旅平險理賠申請書？,「旅行平安險理賠申請書」下載→https://www.ctbcbank.com/html/applyform/CompensateA.pdftarget=_blank>請點此<。
222,機場停車回國要如何取車？,請您領妥行李出海關後，去電通知停車場，並於指定地點等候接駁車。各機場指定接送地點查詢→https://service.ctbcbank.com/FAQ/Page01?kmid=9854target=_blank>請點此<
223,使用信用卡機場停車服務是否需要提前預約？,只要您符合使用優惠資格及消費條件，即可直接前往本行合作之機場外圍停車場使用停車服務，提醒您，各停車場車位數量以現場為準，不提供車位保留服務，數量有限，停滿為止。
224,使用機場停車注意事項為何？,1.信用卡未攜帶、或已註銷，則須依照停車場標準收費，事後亦不得申請折扣退款。2.若您於卡片掛失期間使用機場停車服務時，請您於付款時來電02-27458080，由客服人員為您確認持卡身分，即可視為有效卡享有優惠。3.車輛需配合停車場依序排隊等候入場，若遇連續假期或尖峰時間提醒您提早出門，避免影響行程。4.優惠次數不可合併於同一個停車件使用，且每人每次使用優惠僅限一輛車。5.臨時停車不適用本行優惠，且優惠服務僅適用一般自小客車，營業車或中大型車輛概不接受服務。6.其他詳細注意事項，請參考官網說明→https://www.ctbcbank.com/twrbo/zh_tw/cc_index/cc_additional/cc_add_index/cc_add_airportparking.html?id=TW_RB_CM_creditcard_000042target=_blank>請點此<
225,營業車(如：計程車)是否可使用機場停車服務？,不可以，本優惠服務僅適用一般自小客車，營業車概不接受服務。
226,已達到機場停車使用門檻，請問正、附卡人可以同時一起使用此項服務(各開一台車)嗎？,不可以，正附卡同時只能使用一台車服務。
227,出國預計使用機場停車服務10天，可以用其他家銀行卡的優惠扣7天，剩餘的天數改用中信卡折抵嗎？,不可以，同一停車事件，不得合併不同持卡人之次數，而且也不得合併其他銀行之優惠。
228,如貴行配合之機場停車場已無空位，停不到停車位怎麼辦？,如出國人潮眾多，本行配合停車場皆已全滿，為不影響您出國行程，則會建議您考量自行停放至其他尚有停車空位的停車場，但因非本行簽約廠商，故無法適用免費範圍，造成您不便之處，敬請見諒。
229,請問配合的機場停車場地點在哪裡？,機場停車服務地點→https://www.ctbcbank.com/twrbo/zh_tw/cc_index/cc_additional/cc_add_index/cc_add_airportparking.html?id=TW_RB_CM_creditcard_000042target=_blank>請點此<
230,為什麼機場停車需要留鑰匙？,因應停車場腹地、現場作業及車位不足時可以彈性運用停車空間，需請您將車鑰匙留給停車場服務人員。
231,中國信託信用卡的機場停車優惠為何？,1.白金卡刷：每次最高5天、一年共可享2次。(正附卡合併計)。2.商旅鈦金卡、商旅御璽卡、鈦金卡(不含中信酷玩卡)、御璽卡(不含享想生活卡)、寰遊美國運通卡、晶緻卡：每次最高7天、一年2次。(正附卡合併計)。3.商務卡：每次最高30天、一年不限次。(正附卡合併計)4.鼎極卡(99/05/01後核發之卡片)：每次最高30天、一年不限次。(正附卡合併計)5.卡友自費停車優惠方案：中信卡友超過或無免費停車使用天數時，刷卡繳交停車費可享中信卡友自費優惠價(依不同停車場廠商收取費用)，桃園停車場150～200元/日;台中停車場依現場實際公告收費；高雄停車場依現場實際公告收費，同時桃園嘟嘟房中正旗艦站停車場、高雄大鵬國際停車場又可享紅利即時折抵100點抵10元優惠，有多少折抵多少，可100%折抵！
232,紅利點數折抵機場停車費的折抵比例是多少？,1.僅限桃園嘟嘟房中正旗艦站、高雄大鵬停車場，可使用紅利點數進行折抵。2.每100點紅利點數可折抵機場停車費10元，有多少折抵多少，可100%折抵，折抵無上限。3.單持家扶、學學、鈦金卡及ANA聯名卡等無點數之卡片恕無法進行折抵。
233,附卡人使用機場停車，也可以使用紅利點數折抵機場停車費用嗎？,可以，正附卡皆可以使用紅利點數折抵停車費用。
234,如何登錄道路救援車號？,每戶限登錄兩部車號，車號登錄後需三個工作天設定生效。1.語音登錄：0800-000-685按9再按883。2.填寫「道路救援車號服務表單」：立即填寫服務表單→https://csccontact.ctbcbank.com/OptiForm/Home/Step1?pageid=15&amp;Channel=WEBBANKtarget=_blank>請點此<3.網路銀行登錄：立即登入申請→https://www.ctbcbank.com/twrbc/twrbc-card/ag010/010target=_blank>請點此<
235,請問使用語音登錄車輛廠牌時，如何轉換成數字？,A=01、B=02、C=03…以此類推如您的車號為AB-5188者，請輸入01025188。
236,請問道路救援的服務專線？,道路救援廠商：行遍天下道路申告專線：0800-000-685(來幫我)，手機也可以撥唷。
237,如果在高速公路被強排，可否申請道路救援退費？,高速公路上車輛拋錨，須符合規範(認卡、認車、認人、達消費金額)，且事先撥0800-000-685申告服務完成，但在拖吊車派車未到達前，被其他拖吊公司強行拖吊，可事後申請退費。
238,使用道路救援服務，如果現場需要支付費用，可以用哪種方式？,道路救援所需費用，可以「刷卡支付」，並請向司機索取道路救援管制單或收據，但加油之油資及停車場、收費站、國道ETC收費、過橋費需以現金支付。
239,如何使用信用卡道路救援服務？,"各卡需事先完成車籍登錄手續且上個月單月帳單或前3個月帳單平均新增消費滿NT3,000元，依不同卡等享有道路救援服務，說明如下：1.鼎極卡(指99年/5月/1日起申請者)/大中華攜手飛無限卡/ANA極緻卡/LEXUS商務世界卡可享一年3次免費使用，每次最多100公里。2.商務卡/商旅卡/鈦金卡(不含中信酷玩卡/Yahoo聯名卡)/御璽卡(不含中信享想卡/LINEPay信用卡)/晶緻卡/寰遊美國運通卡可享一年3次免費使用，每次最多50公里。3.每戶限登錄兩部車(正卡及附卡得登錄同一部車)，每「戶」一年可使用三次免費道路救援服務。※經申告救援後，現場服務以認卡、認車、認人為原則。"
240,是否所有車輛種類都可以登錄道路救援？,服務範圍：台灣本島車子能到達之道路，若登錄之車輛為四輪傳動車時，服務僅提供於一般小型車所能行駛之道路。登錄車輛以領用小型牌照之自小客、廂型車及3.5噸以下之小貨車為限。(車身長度5200mm．寬度2000mm內)，營業車、保姆車、露營車、競技車(包含競技用途之一般車輛)、工程車、改裝車(指底盤、保險桿、側裙、排氣管等車輛零配件，距離地面高度低於15公分者)、農業車恕不接受登錄及免費道路救援服務。※詳細資料請查詢本行官網道路救援服務說明→https://www.ctbcbank.com/content//twrbo/zh_tw/cc_index/cc_additional/cc_add_index/cc_add_rescue.htmltarget=_blank>請點此<
241,信用卡道路救援服務項目有哪些？,服務項目包含：免費拖吊、更換備胎充氣、充電、加水、拖吊(鼎極卡100公里內免費，商務卡、商旅卡、鈦金卡(不含中信酷玩卡/Yahoo聯名卡)、御璽卡(不含中信享想卡/LINEPay信用卡)、寰遊美國運通卡、晶緻卡、公司卡50公里內免費)。
242,信用卡為何要開卡才能使用？,此作業是為了防止您的信用卡於寄送過程中遭他人截取冒用，故為保障您的權益，當您收到新卡時，必須完成開卡程序卡片才可使用。
243,信用卡是否有開卡期限?,信用卡只要在有效期限內，隨時都可以開卡，沒有時間限制，請您收到卡片後盡速開卡。
244,我收到信用卡要如何開卡呢?,您可透過以下方式完成信用卡開卡：1.網路銀行：網路銀行選擇「線上申請/線上開卡」，依畫面輸入您的卡片相關資料即可完成開卡，立即開卡→/twrbo/zh_tw/onlinecounter_index/cc_service/cc_service_activate.html>請點此<。2.語音開卡：市話撥打免付費電話0800-024-365，按1再按快速鍵889，依語音指示輸入卡片相關資料即可完成開卡。
245,要怎麼確認信用卡開卡已完成？,查詢信用卡是否完成開卡，可透過網路銀行輸入信用卡資料進行開卡，若已開卡成功系統即會回覆「此卡已於日前完成開卡手續」，立即查詢→/twrbo/zh_tw/onlinecounter_index/cc_service/cc_service_activate.html>請點此<。
246,信用卡開卡完成何時才能使用？,沒有時間限制，只要開卡程序完成即可使用，提醒您記得在卡片背面簽上您的大名喔！
247,信用卡背面一定要簽名嗎？,商店在消費現場會核對卡片背面簽名與簽單上是否相符，請您在開卡後務必簽名，可依自己的習慣進行簽名，中、英文均可。
248,只有新申辦的信用卡才須要開卡嗎？,只要您有進行補、換卡申請作業，例如毀補卡、掛補卡…等，皆須完成開卡手續，卡片才可使用。
249,信用卡可以代繳哪些費用?,信用卡可申請代繳以下費用：1.公用事業費用(含電費、水費、中華電信費、瓦斯費)2.公有路邊停車費3.健保費(限鄉鎮市區公所加保)4.E-TAG費用(含eTag自動儲值和代繳eTag智慧停車費)
250,如何設定信用卡代扣繳公用事業費用?,您可透過以下方式申請信用卡代扣繳公用事業費用(含水電費、中華電信費、瓦斯費及公有路邊停車費)：1.直接登入網路銀行進行申請→https://ctbc.tw/PA0610>請點此<2.填寫申請書並傳真或E-MAIL提供本行申請，下載申請書→/content/dam/twrbo/pdf/creditcard/applyform/cc_payment_utilities_pub_cc_991231.pdf>請點此<
251,如何設定信用卡代扣繳eTag自動儲值/智慧停車費?,您可填寫申請書，以傳真或E-MAIL方式提供本行進行申請，下載申請書→/content/dam/twrbo/pdf/creditcard/applyform/cc_payment_eTag.pdftarget=_blank>請點此<其他相關注意事項及說明請參閱本行官網→/twrbo/zh_tw/cc_index/cc_additional/cc_payment_index/cc_payment_eTag.html?id=TW_RB_CM_creditcard_000215target=_blank>請點此<
252,信用卡代扣繳公用事業費用/eTag自動儲值/智慧停車費需要手續費嗎？,信用卡代扣繳公用事業費用(含水電費、中華電信費、瓦斯費及公有路邊停車費)或/eTag自動儲值/智慧停車費，是不需要收取任何費用。
253,申請信用卡代扣繳公用事業費用前，需先終止原本其他家銀行信用卡(帳戶)代扣繳嗎?,申請信用卡代扣路邊停車費，需事先通知原設定代扣單位終止生效後，才可改用本行信用卡代扣繳。若申請代扣繳水電費、中華電信費、瓦斯費、健保費(限鄉鎮市區公所加保)及eTag自動儲值/代繳eTag智慧停車費，則為本行設定生效後，他行扣款即自動終止代繳，不會重複扣款，請您放心。
254,代扣繳公用事業費用是否享有信用卡回饋?,信用卡代扣繳公用事業費用及eTag費用，皆無回饋紅利點數、現金回饋及LINEPoints..等卡片回饋，但可累積信用卡年消費金額。
255,信用卡有提供刷卡分期的功能嗎?,信用卡刷卡提供單筆消費分期及帳單分期等付費分期功能，您可點選連結了解更多。1.單筆消費分期→https://ctbc.tw/doBJNw>請點此<2.帳單分期→https://ctbc.tw/GqOpc7>請點此<
256,如何申請信用卡消費分期?,信用卡刷卡消費可設定單筆消費分期或帳單分期，請直接點選進一步瞭解申請方式及立即設定：1.單筆消費分期，線上申請設定→https://ctbc.tw/doBJNw>請點此<2.帳單分期，線上申請設定→https://ctbc.tw/GqOpc7>請點此<3.透過電話客服設定，市話撥打0800-024365，手機撥打02-2745-8080，帳單分期按838，單筆分期按893，由專人為您服務。
257,信用卡付費分期提前結清有費用嗎?,付費分期提前結清除了按日計收分期利息外，會收取提前結清處理費，收取方式為：1.未到期期數超過核准期數之1/2，每次計收300元的提前結清處理費。2.未到期期數等同或未超過核准期數之1/2，每次計收150元的提前結清處理費，並一次計入信用卡帳單中收取。
258,付費分期可以提供的期數有哪些?金額多少可以分期?,"1.單筆分期:單筆消費滿NT3,000元，即可於當期帳單繳款截止日前申辦，提供3/6/9/12期4種期數供您自由選擇。2.帳單分期:當期帳單金額扣除當期最低應繳金額≧NT5,000元即可申請，提供3/6/12/18/24/30期6種期數供您自由選擇。"
259,信用卡要如何預借現金?,可透過以下方式申請：1.ATM單次提領限額：本行3萬元，他行2萬元，每日最高提領上限為10萬元(※需先設定預借現金密碼)。2.網路銀行和中信卡優惠APP：每次申請以20萬元為上限，立即申請→https://www.ctbcbank.com/html/mobileca/mcashadvance.html>請點此<3.透過線上客服人員申請→https://webchat.ctbcbank.com/webchat/index?Skill=c_lop&amp;Channel=CSC&amp;KeywordEnabled=N&amp;FromPageId=TW_CSC08>請點此<透過電話客服人員申請，市話請撥打0800-024-365按1，手機請撥打02-2745-8080按887，由專人為您服務。
260,如何設定預借現金密碼?,可透過以下方式申請:1.線上設定ATM固定預借現金密碼，設定成功即可於國內外ATM使用，立即設定→https://m.ctbcbank.com/MobileWeb/cashLoanPassword/init/#/?utm_source=line_ATM&amp;utm_medium=line_ATM1>請點此<。2.透過電話客服人員設定，市話請撥打0800-024365按1，手機請撥打02-2745-8080按887，或透過7-11ATM電話按0
261,如何查詢預借現金額度?,本行每月會依您的信用卡消費及銀行往來信用情況，評估調整您的預借現金額度，如欲查詢預借現金額度您可透過以下方式：1.透過線上客服人員為您查詢→https://webchat.ctbcbank.com/webchat/index?Skill=c_lop&amp;Channel=CSC&amp;KeywordEnabled=N&amp;FromPageId=TW_CSC08>請點此<2.透過電話客服人員查詢，市話撥打0800-024-365按1，手機撥打02-2745-8080按887由專人來為您服務。3.透過網銀查詢→https://ctbc.tw/MO1010>請點此<並選擇「申請」
262,信用卡預借現金手續費計算方式?,信用卡預借現金手續費收取方式說明：單筆預借現金手續費●國內：每筆預借金額x3.5%+150元。●國外：每筆預借金額，經國際清算程序換算成新台幣金額x3.5%+150元，及國外交易手續費1.5%。●雙幣卡：於國外地區預借現金，以約定外幣計收，每筆預借金額x3.5%+約定外幣(美元5元／日圓550元)。分期靈活金之分期利息●以您申請核准當下，所適用的分期利率按日計息。※瞭解更多→https://www.ctbcbank.com/html/mobileca/mtcacashadvance.html>請點此<
263,在國外可以預借現金嗎?,只要預借現金密碼定成功後，不需額外開通，即可在預借額度內於國內外ATM使用，請至提款機貼有「VISAPLUS」、「MASTERCIRRUS」、「EXPRESSCASH」等信用卡國際組織指定網路識別標誌之ATM提領當地貨幣。
264,請問信用卡額度是共用的嗎？,是的，本行歸戶信用卡額度共用，不論名下持有幾張卡(含附卡)都共用同一個信用額度。
265,信用卡額度是如何核定的?,本行核定信用卡額度，是依據您申請信用卡時所附的相關財力資料如：所得扣繳憑單、資產、在職證明等信用狀況綜合評定的，正附卡為共用同一額度。
266,請問貴行是否會主動幫我調高信用卡固定額度？,不好意思，您的額度是依照當時您辦卡時所附的財力証明來核定的，本行不會主動來幫您調高信用卡的固定額度，若您的額度不敷使用，皆可與本行申請，屆時附上您的最新財力證明文件，我們會依照您所附的財力及繳款記錄與消費狀況幫您進行審核！
267,如何申請調高信用卡固定額度?,您若持卡滿半年且信用正常，可依下述方式提出申請並附上最新財力證明文件(例如：最近一期扣繳憑單影本、薪資單影本…等)，經本行核可後調整之，本行並會通知持卡人調整後之信用額度。1.網路銀行：立即申請額度調升→https://www.ctbcbank.com/twrbo/zh_tw/onlinecounter_index/cc_service/cc_service_finances_limit.html?_nfpb=true&amp;_pageLabel=TW_RB_CM_creditcard_000170target=_blank>請點此<2.中信卡優惠APP：登入APP→選信用卡理財→信用卡額度申請→申請固定額度，由此申請快速又方便。(可直接拍照上傳財力文件)
268,為何申請調高信用卡固定額度還要附財力證明？,跟您說明一下，因客戶在所有金融機構的無擔保產品負債總額皆不得超過月收入22倍，以利客戶有效分配還款。若目前您欲調高額度，則須請您另外檢附最新的財力證明(如薪資扣繳憑單或存摺封面影本及近二個月的明細)，用以更新本行留存的財力資訊，我們將於收到您的財力申請起約三個工作天內審核完畢並以信函或簡訊通知，屆時再請您留意一下信件，謝謝！
269,如何申請調高信用卡臨時額度？,臨時額度申請方式如下：1.中信卡優惠APP：立即下載→https://www.ctbcbank.com/html/long/creditcard/cardapp/index.html?app=couponApp&amp;utm_source=ctbc&amp;utm_medium=facebook&amp;utm_content=fbintrotarget=_blank>請點此<(路徑點選：信用卡理財→信用卡額度申請→申請臨時額度)2.填寫「臨時額度需求申請單」：留下申請資訊，將再主動協助您後續處理，立即填寫→https://www.ctbcbank.com/twrbo/zh_tw/onlinecounter_index/cc_service/cc_service_finances_limit/cc_service_finances_limit_temp.htmltarget=_blank>請點此<※只要您在本行持卡滿半年，往來正常之卡友，當您出國旅遊、裝潢新居、結婚喜宴等情形需要較高額度使用時，即可申請調整臨時額度評估。※申請調高臨時額度的金額，仍需視您的繳款記錄及消費頻率、消費狀況而定，本行保留最終核准與否權利※調整臨時額度的期限，主要會視您信用卡帳單結算週期繳款為限，調整的期限一過後，額度將會恢復到您原本的固定額度。
270,臨時額度調整後之金額是否也可使用循環信用繳納，並有無其它用卡需注意的呢？,臨時額度調整後超過您固定額度以外使用的金額，將會列在次期帳單的最低應繳金額中，須一次繳清，因此超過固定額度部份的消費無法使用循環信用，無法預借現金、賭場交易以及購買分期付款的商品。
271,學生是否可以調高信用卡額度?,目前針對學生身分暫不提供信用卡額度提高申請。若您已非在學學生，可備妥財力證明或畢業證書，可透過客服人員為您服務，提出額度調高申請。
272,如何申請信用卡行動帳單？,信用卡行動帳單設定只需簡單兩步驟，設定完成後，將於最近一期帳單生效，且於帳單結帳後3個日曆天發送個人專屬帳單簡訊至留存的手機門號，立即申請→https://card.ctbcbank.com/vip/navigation>請點此<。
273,信用卡消費款項每月結帳後，多久才會收到帳單？,信用卡帳單收到時效，依帳單類型有所不同，區分如下：1.電子帳單：每月帳單結帳日後2~3個日曆天會MAIL至電子郵件信箱。2.行動帳單：每月帳單結帳日後3個日曆天會發送個人專屬行動帳單簡訊至手機門號。3.紙本帳單：每月帳單結帳日後3個營業日會平信寄送至帳單地址。
274,信用卡正附卡帳單能分開寄送嗎？,信用卡帳單是以歸戶方式結帳，故正、附卡消費皆合併在同一份帳單，無法分開列示，您可以透過帳單上所列示的卡號未四碼區分正附卡之交易。
275,信用卡年費如何計算？,本行信用卡種類眾多，依持有卡別種類而有不同年費收取規則，各卡年費收取方式詳細說明→https://service.ctbcbank.com/FAQ/Page01?kmid=4735>請點此<。
276,如何查詢信用卡年費計算期間和年消費金額？,信用卡年費計算期間是以各信用卡發卡日次月帳單起計算共12個月帳單之累積符合消費金額。因每張信用卡發卡時間不同，您可登入網路銀行查詢計算期間及年消費金額。※登入查詢→https://ctbc.tw/CQ0110>請點此<
277,哪些消費類型不計入信用卡年消費金額累積？,以下交易項目不計入信用卡年消費金額累積外，其餘消費均會計入︰信用卡年費、利息、逾期還款違約金、通信貸款、各項手續費(掛失手續費、調閱簽單手續費等)、帳單分期、餘額代償、非持卡人本人交易款項(如遺失被竊、偽卡交易等)。
278,如何申請信用卡電子帳單？ ,信用卡電子帳單可登入本行網路銀行設定，申請成功後，將於最近一期帳單生效，且於帳單結帳日後2~3個營業日寄發電子帳單至您留存的E-MAIL信箱，立即申請→https://ctbc.tw/MO0610>請點此<。
279,申請信用卡電子帳單成功後，還會一併寄送紙本帳單嗎？,信用卡帳單僅能設定一種寄送類型，若申請電子帳單成功後，將於最近一期帳單生效，且取消原本紙本帳單寄送。
280,如何查詢信用卡帳單金額？,信用卡近一期帳單金額及明細，您可透過以下方式查詢：1.使用智能客服，進行簡易身分驗證後，即可查詢→https://webchat.ctbcbank.com/webchat/index?Skill=c_gen&amp;Channel=WEBBANK&amp;KeywordEnabled=Y&amp;FromPageId=TW_RB_FAQ_003>請點此<2.登入本行網路銀行查詢→https://www.ctbcbank.com/CTCBPortalWeb/appmanager/ebank/rb?_nfpb=true&amp;_pageLabel=TW_RB_TX_creditcard_002001>請點此<
281,如何查詢歷史帳單明細？,信用卡歷史帳單明細，您可透過以下方式查詢：1.使用智能客服，進行簡易身分驗證後，即可查詢近六個月歷史帳單明細→https://webchat.ctbcbank.com/webchat/index?Skill=c_gen&amp;Channel=WEBBANK&amp;KeywordEnabled=Y&amp;FromPageId=TW_RB_FAQ_004>請點此<2.登入網路銀行查詢近六個月歷史帳單明細→https://www.ctbcbank.com/CTCBPortalWeb/appmanager/ebank/rb?_nfpb=true&amp;_pageLabel=TW_RB_TX_creditcard_002001>請點此<3.設定行動帳單類型者，可點選帳單簡訊網址，登入後點選『查看明細』，點選『歷史帳單』即可查詢近五個月帳單明細。
282,沒有收到最近一期信用卡帳單該如何查詢金額與明細？,信用卡帳單沒收到，您可透過以下方式查詢近一期帳單金額及明細：1.使用智能客服，進行簡易身分驗證後，即可查詢→https://webchat.ctbcbank.com/webchat/index?Skill=c_gen&amp;Channel=WEBBANK&amp;KeywordEnabled=Y&amp;FromPageId=TW_RB_FAQ_003>請點此<2.登入本行網路銀行查詢→https://www.ctbcbank.com/twrbc/twrbc-card/qu002/010>請點此<※若欲繳納信用卡帳款，可進行線上簡易身分驗證後，產生7-11超商繳款條碼立即繳費（限繳款金額小於(含)2萬元）→https://service.ctbcbank.com/digiform/#/creditcard/p/validate/user?page2=KM>請點此<。
283,信用卡電子帳單無法開啟怎麼辦？,信用卡電子帳單採附加加密檔案寄送，瀏覽電子帳單需請您輸入檔案密碼，密碼預設為「身分證字號」(英文字母大寫)，您亦可自行變更密碼。※本行所寄送的電子帳單為PDF格式，PDF檔案的讀取須透過Adobe專屬軟體才可閱讀，立即安裝→https://www.adobe.com/#>請點此<。
284,如何查詢信用卡結帳日及繳款截止日？,信用卡結帳日和繳款截止日可登入網路銀行查詢，若結帳日遇假日會提前一個營業日關帳，繳款截止日遇假日，可順延至下一個營業日繳納。登入網路銀行查詢→https://www.ctbcbank.com/twrbc/twrbc-card/qu000/010>請點此<。
285,信用卡帳單結帳日及繳款截止日可以變更嗎？,本行提供10個信用卡結帳日期，可依您的需求異動，一年限更改一次。
286,持信用卡(含簽帳金融卡)在國外消費會收取什麼費用？,持信用卡及簽帳金融卡於海外消費或消費商店是註冊在國外，即為國外交易，會收取國外交易手續費。包含發卡機構向各國際組織跨國清算給付之手續費1%(美國運通卡刷美金交易則為0%)，及發卡機構以交易金額之0.5%計算之國外交易服務費。※帳單列示交易國別非TW的國家，不論實體商店或網路交易類型，均會收取國外交易手續費。例如：搭乘UBER刷卡、Itunes音樂、跨國飯店訂房系統(Agoda、Hotels.com、trivago等)。※退款交易，則不加收國外交易手續費。※國外預借現金，除國外交易手續費外，另需收取預借現金手續費。
287,信用卡利息、違約金如何計算？,"持卡人若未於當期帳單繳款截止日前繳納最低應繳金額時，會依不同逾期還款期數產生違約金，並且各筆消費會於入帳日起以日計算利息，詳細說明https://service.ctbcbank.com/FAQ/Page01?kmid=4635>請點我<。1.當月未繳清金額1,000元(含)以下，不收取。2.延滯1期，收取違約金金額300元。3.連續延滯2期，收取違約金金額400元。4.連續延滯3期，收取違約金金額500元。"
288,如何更改信用卡帳單地址及通訊資料？,信用卡帳單地址或通訊資料有異動，請填寫通訊資料異動服務申請表單→https://csccontact.ctbcbank.com/OptiForm/HOME/step1?MainID=6&amp;Channel=WEBBANK>請點此<，本行將盡速確認您的需求並於一個營業日回覆您處理結果。
289,我的姓名有變更，應如何辦理? ,若您在本行僅持有信用卡，請填妥申請書資料並檢附相關文件後，以傳真或E-MAIL進行辦理。若您有開立本行存款帳戶或持有貸款(房貸/信貸)，需請您本人親自攜帶新的身分證、第二證件、存摺、原留印鑑及新印章到各分行辦理。
290,繳納信用卡帳款後，何時會入帳？ ,信用卡帳單繳款入帳時間會依繳納通路有所不同，區分如下：1.本行臨櫃、電匯繳納：2個營業日入帳。2.提款機、存款機、網路轉帳、電話語音轉帳繳納：2個營業日入帳。3.便利商店、帳戶自動扣款、代收款行庫繳款：3~4個營業日入帳。※上述入帳時間皆含繳款日當天。
291,如何查詢信用卡繳款紀錄？,您可使用智能客服，進行線上簡易身分驗證後，查詢最近一次信用卡繳款紀錄。立即查詢→https://webchat.ctbcbank.com/webchat/index?Skill=c_gen&amp;Channel=WEBBANK&amp;KeywordEnabled=Y&amp;FromPageId=TW_RB_FAQ_005>請點此<
292,如何申請帳戶自動扣繳信用卡帳款？,帳戶自動扣繳信用卡帳款，您可透過以下方式申請：本行帳戶扣繳1.網路銀行：登入設定→https://ctbc.tw/CA0110>請點此<。2.本行ATM：持本行金融卡至本行ATM，選擇「功能設定」→「信用卡款自動扣繳設定」。3.中信卡優惠APP：點選「帳單與繳費」→「信用卡帳單自動扣繳設定」。※線上申請限約定扣繳本人信用卡帳款，且成功申辦次一營業日生效。他行帳戶扣繳需請您填寫自動扣繳申請書蓋章(需與開戶印章相同)，附上存摺封面影本(無摺戶則不需檢附)後正本寄回，申請時效需45～60天，待生效後會簡訊通知客戶，下載申請書→/content/dam/twrbo/pdf/creditcard/applyform/cc_autopay_auth.pdf>請點此<※郵局扣繳作業只限正卡持卡人本人之帳戶始可辦理扣繳
293,信用卡設定帳戶自動扣繳，每月何時會扣款？,信用卡設定帳戶自動扣繳是於繳款截止日當天執行扣款，請您務必將扣款款項於繳款截止日當天下午3點半前存入約定自扣帳戶。※繳款截止日如遇例假日將順延至次一營業日執行扣款。
294,信用卡帳款自動扣繳失敗，怎麼辦？,信用卡自動扣款失敗時，請別擔心，您可透過其他方式繳款，繳款方式說明→https://service.ctbcbank.com/FAQ?layer1=846&amp;layer2=904>請點此<。若帳單不在手邊，可進行線上簡易身分驗證後，產生7-11超商繳款條碼立即繳費(限繳款金額小於(含)2萬元)→https://service.ctbcbank.com/digiform/#/creditcard/p/validate/user?page2=KM>請點此<。※若約定本行帳戶自動扣繳，每月會於指定帳戶連續扣款三次（分三個營業日扣繳），第一次扣款失敗會發送簡訊通知，請您儘快補入款項，本行於隔一營業日將會進行扣款，若第三次仍扣款失敗，需請您透過其他方式繳款。
295,如何查詢信用卡自動扣繳是否申請設定成功？ ,信用卡帳款申請本行帳戶自動扣繳，作業時間約2個工作天，如申請他行帳戶則需45~60個日曆天。本行會於自動扣繳生效時，以簡訊通知您第一次扣繳帳單月份，請您放心。
296,如何使用ATM繳納信用卡帳款？,請於ATM選擇「轉帳交易」，跨行轉帳銀行代號請輸822，轉入帳號輸入以下任一項：1.正卡人身分證字號「48+身分證字號」(英文字母轉換為兩碼數字，A=01，B=02，C=03…以此類推)，共計13碼。2.輸入歸戶名下任一張信用卡卡號，共計16碼。注意事項：1.跨行轉帳需自付跨行轉帳手續費。2.非約定帳號，轉帳日限額3萬元，超過3萬元，須分次轉帳繳納。3.使用多功能自動櫃員機，選擇「全國繳費稅」功能，可直接透過繳費項目進行信用卡繳款，且不受3萬元限制。4.信用卡帳款將於2個營業日入帳(含繳款日當天)。
297,如何使用郵局劃撥繳納信用卡帳款？,請填妥郵局劃撥單以下資料：1.收款人帳號：01126119。2.戶名：填寫中國信託商業銀行。3.請於劃撥單左側「通訊欄」註明正卡持卡人的身分證字號。※信用卡帳款將於3個營業日入帳(含繳款日當天)。
298,如何在本行櫃檯繳納信用卡帳款？,請填妥當期帳單上「繳款二聯單」之繳款金額欄位，或於分行填妥繳款單之正卡持卡人身分證字號及繳款金額，直接於分行櫃檯繳納。1.信用卡帳款將於2個營業日入帳(含繳款日當天)。2.若帳單不在手邊，可進行線上簡易身分驗證後，產生7-11超商繳款條碼立即繳費(限繳款金額小於(含)2萬元)→https://service.ctbcbank.com/digiform/#/creditcard/p/validate/user?page2=KM>請點此<。
299,如何在網路銀行繳納信用卡帳款？ ,1.本行網路銀行繳納信用卡帳款，限開立本行銀行帳戶且為網銀會員身份，即可登入進行繳款(可繳交本人及他人信用卡帳單)→https://ctbc.tw/MO0910>請點此<2.他行網路銀行繳納信用卡帳款，銀行代號請輸入「822」，繳款帳號請輸入「48+正卡人身分證字號」(含英文字母，A=01、B=02...以此類推)共13碼，或信用卡卡號共16碼。※跨行轉帳手續費需依各銀行收費為準。
300,沒有帶紙本帳單出門，也不是使用行動帳單(無條碼可使用)，如何在統一超商(7-11)繳信用卡款？,若信用卡帳單或信用卡不在手邊，您可透過線上簡易身分驗證後，產生7-11超商繳款條碼進行繳納，立即繳費→https://service.ctbcbank.com/digiform/#/creditcard/p/validate/user?page2=KM>請點此<。※7-11超商繳款，金額限小於2萬(含)元。
301,信用卡繳款截止日遇到假日，可以延後繳款嗎？ ,別擔心！信用卡帳單繳款截止日如遇到假日(含連續假期)，可順延至次一個營業日繳納。如設定帳戶自動扣繳信用卡帳款，也會順延至次一個營業日扣繳，實際扣款時間點，依各扣款帳號之行庫而有所不同。
302,請問用信用卡繳稅的方式？,●本國納稅義務人可透過以下方式取得授權碼：1.語音繳稅：請撥打中華電信412-1111按166#或412-6666按166#選擇繳稅類別→輸入身分證字號、稅額、信用卡卡號效期(房屋稅需輸入銷帳編號)→授權成功語音回報授權碼→(綜所稅需將授權碼填入申報書或軟體)。2.網路繳稅：財金繳稅網站→http://paytax.nat.gov.tw>請點此<綜所稅：選擇信用卡網路繳稅→繳稅類別綜合所得稅結算申報自繳稅款→輸入身分證字號、稅額、信用卡卡號效期→授權成功，將授權碼填入申報書或軟體房屋稅：依序輸入：銷帳編號／繳款金額／持卡人身份字號／代繳信用卡卡號／卡片有效月年，待回覆授權成功即可。●外籍人士如擬使用信用卡繳「綜所稅」，只能透過網路申報(下載申報程式)方式進行→http://paytax.nat.gov.tw/>請點此<※繳稅類別外僑結算申報自繳稅款僅能使用晶片金融卡繳納，無法使用信用卡
303,可以用自己的信用卡幫別人繳稅嗎？,納稅義務人以信用卡繳稅僅限以本人持有之中信卡繳納，若是夫妻合併申報可使用配偶之信用卡繳納
304,只有簽帳金融卡也可以拿來繳稅嗎？,可以的，只要是中國信託發行之信用卡(含簽帳金融卡)都可以用來繳稅，惟公司卡及採購卡除外。但簽帳金融卡無分期功能，無法享有分期0利率優惠哦！
305,信用卡繳稅會手續費嗎？會有刷卡回饋嗎？,至108/12/31止，刷中國信託信用卡(含簽帳金融卡)繳「汽機車牌照稅、房屋稅、地價稅、營業稅、綜所稅」，不限卡別、不限稅額，一律「免手續費」，但該筆刷卡繳稅金額一律無提供刷卡點數、刷卡金、電信點、哩程、LINEPoints等回饋，僅中國信託商旅鈦金卡繳稅可享0.3%現金回饋。(一次付清或分期付款皆可享有，如使用分期繳稅，回饋金將依每期分期稅金分期回饋至信用卡帳上)
306,用中信卡繳稅已取得授權(刷卡成功)，但是算錯金額了，要怎麼取消授權？,目前僅有「綜所稅」有提供取消授權機制，國稅局針對其他繳稅項目，均無提供取消機制
307,如何查詢用信用卡是否繳稅成功？,您可透過繳稅網路平台→https://paytax.nat.gov.tw/target=_blank>請點此<及繳稅語音(412-6666)查詢是否繳稅成功。
308,我的信用卡額度不足無法完成繳稅，該怎麼辦？,1.可檢附財力證明透過本行官網申請調高信用卡固定額度→https://ctbc.tw/TB0004target=_blank>請點此<。2.可申請提高臨時性額度→https://ctbc.tw/TB0005target=_blank>請點此<填寫臨時額度需求申請單留下申請資訊，將再主動協助您後續處理。※本行保留最終核准與否權利，審核完成本行即會簡訊通知您。
309,信用卡繳稅可以免息分期嗎？要怎麼申請呢？,1.108年僅有繳交綜所稅有提供0利率分期服務(其餘稅款皆無)，申請期間為稅款入帳後108/6/6～108/7/31，您可選擇分6期或12期，皆為免利息、免手續費，只要繳稅金額大於NT12元以上即可設定。2.其餘稅款如有分期需求，可參考設定3~12期付費分期繳款。※簡單三步驟即可完成設定，立即試算及申辦→https://m.ctbcbank.com/MobileWeb/c_FinanceManage/ccInstallment/init/#/>請點此<
310,申請繳綜所稅0利率分期如果想提前結清，會收取費用嗎？,因108年綜所稅分6期或12期皆為0利率分期，故不會收取提前結清處理費。
311,有申請繳稅專用臨時額度可以辦理分期嗎？,因為臨時額度並非您原有的信用額度，所以僅能針對您固定額度內的剩餘額度繳稅金額進行分期喔。
312,簽帳金融卡也可以辦理繳稅分期嗎？,因簽帳金融卡無分期功能，故無法享有分期0利率優惠喔！
313,請問刷中信卡繳綜所稅款也可以納入年消費累計嗎？,可以，不論您使用中國信託任何一張信用卡(鼎極/鈦金/御璽/白金/金/普)繳綜所稅，該筆稅款均會被計入年消費金額計算。
314,LINE POINTS額外加碼回饋點數的商店有那些?點數的有效期是？,1.目前額外加碼回饋點數的商店有：Hotels.com(須輸入優惠代碼限指定網頁https://tw.hotels.com/jiu-dian-you-hui/linepaycard/?rffrid=mdp.hcom.TW.808.000.11&amp;PSRC=AFF99target=_blank>請點此<)、秀泰影城、全國加油站(限自助加油機刷卡加油)、LINETV(限指定網頁<atarget=_blankhref=https://www.linetv.tw/purchase>請點此<)、LINESTORE(限指定網頁https://store.line.me/target=_blank>請點此<)、LINE酷券、agnèsb.、SPORTb.、agnèsb.CAFÉ、STUDIOA、屈臣氏、大苑子、美廉社..等，配合商店常會新增異動，詳細商店資訊請參閱本行官網→https://www.ctbcbank.com/tw/html/long/creditcard/LINEPay/stores.htmltarget=_blank>請點此<2.回饋點數有效期間長達180天且是入點之後開始起算，故點數入帳時間不影響您使用點數的權益。註：2019/5/8起透過LINEPay卡刷卡回饋入點之LINEPOINTS將改以『一般點數』回饋，一般點數的效期為自最後一次獲得點數當日起算180天止，只要持續使用LINEPay卡，符合回饋資格的消費也會持續入點，點數效期就可以一直展延。
315,我不常出國，海外消費回饋2.8%這樣的回饋我都用不到呢？,海外消費不僅在「出國觀光、商務旅遊」才用得到，客戶常使用的「線上交易」有些亦為國外交易，舉凡：電商購物eBay、Amazon、日本樂天(Rakuten)、淘寶網/天貓、ASOS、Zalora、Shopbop等國外購物網站；旅遊訂房Hotels.com、Agoda、Expedia、Booking.com、Ctrip攜程、Trips.com等；交通外送Uber、UberEats；其他iTunes(AppStore)、GooglePlay、影音平台Netflix等，均在海外消費回饋項目中，貼近您的日常生活，歡迎您體驗看看。
316,LINE Pay信用卡海外消費最高享2.8%，為何簽帳金融卡僅回饋1%？,不同支付工具有不同特性，簽帳金融卡特色是刷卡連動銀行帳戶即時扣款，便於整體帳戶管理，客戶可依自身需求選擇適合的支付工具。歡迎您辦理一張LINEPay信用卡，享有更多的優惠服務喔！
317,如何去判斷我消費的商店是屬於海外消費有回饋2.8%呢？,LINEPay判定為海外交易的方式並不是以是否計收手續費或消費幣別來判定，而是以請款資訊帶出的消費地區，只要不是TW、00、空白，就視為國外交易回饋2.8%。►舉例說明：部分航空公司線上刷卡授權成功時，本行接收到的資訊在國家別顯示為非臺灣的國別，此時LINE錢包的付款通知會視為海外消費，回饋比例顯示為2.8%，但請款時本行接收到的資訊，國家別卻又改顯示為臺灣TW，故計算回饋時將以國內消費1%計算。
318,海外消費加碼回饋2.8%與特定商店加碼~15%若刷退時，我已經把LINE POINTS用完，怎麼辦？,退還款項者(如退稅、退貨或帳務調整)，持卡人原先已取得之LINEPOINTS點數，本行將逕依其退還款項金額，自中國信託LINEPay信用卡綁定之LINE會員帳號積點比例予以扣除，此扣回點數範圍僅限持卡人LINE帳戶內由中國信託LINEPay信用卡累積而來的點數，若持卡人LINE帳戶內之LINEPOINTS點數不足或已全數兌換完畢，中國信託將以1點等同於1元之比例，將不足點數之約當金額，列示為信用卡帳單之應繳金額向持卡人收取。
319,請問使用LINE Pay卡扣繳保費，可以獲得幾%的LINE POINTS回饋？,2019年使用LINEPay卡刷國內保費適用LINEPay卡一般消費1%回饋，申購日(要保日)108/4/1～108/12/31活動期間，於中信銀分行申購指定保險產品，首年保費享2%LINEPOINTS回饋(含一般消費1%回饋+額外加碼1%回饋)。適用保單請洽中信銀各分行營業據點諮詢。若您有參加保費0利率分期活動，則不再提供產品回饋及加碼回饋。
320,信用卡最多可以申辦幾張?,本行信用卡沒有限制持有張數。
321,申辦信用卡是否一定會通過核發?,申請信用卡，本行會依據您申請書所填的資料及所附的財力文件詳細審核，是否發卡仍由審核單位最終審核結果為準。
322,申請信用卡是否可提供不動產證明財力?,不動產可以當財力證明，惟不動產的所有權人一定要在正卡申請人名下，其證明文件須為近一個月的【土地＋建物謄本】。
323,信用卡是否有開卡期限?,信用卡只要在有效期限內，隨時都可以開卡。
324,申請後多久會拿到卡片?,只要申請時資料齊全，本行收到信用卡申請件後若審核通過，約莫7~10個工作天就可以收到我們核發給您的卡片。
325,外國人要如何申辦信用卡?,外國人申辦信用卡資格說明，請至外籍人士辦卡專區。
326,如何進行信用卡補件?,於官網線上申請信用卡補件。
327,申請信用卡附卡有什麼條件?,信用卡附卡申請需檢附附卡身分證正、反面影本並填寫信用卡申請書：關係限為主卡之配偶、父母、子女、兄弟姊妹、配偶父母。附卡年齡需年滿15歲。未滿20歲之附卡申請人，除已婚者（依身份證配偶欄認定是否已婚）外，皆需提供【法定代理人同意書】；如法定代理人非附卡申請人之父母，需提供可證明法定代理關係之文件。※法定代理人文件或信用卡申請書可由此下載→選擇【法定代理人同意書】。
328,沒收到信用卡該怎麼辦?,若您是新申請信用卡：請先查詢申請進度確認是否核卡。請留意約核卡後1週左右會收到卡片掛號信。掛失、毀損補發信用卡：請留意約申請後一週左右會收到卡片掛號信。
329,如何申請帳戶自動扣繳本行信用卡費?何時會生效?,一、從銀行帳戶自動扣繳信用卡費辦理方式：持有本行網銀密碼且設定本人本行帳戶扣款：請至網路銀行進行設定。欲申請從其他銀行帳戶扣款：請下載列印「信用卡自動轉帳付款授權書」填妥寄回。二、約定本行本人轉帳帳戶設定生效日係以交易成功當日為準，其餘約定轉帳帳戶設定生效日係以交易成功次日為準。
330,如何變更自動扣款帳號?,如欲變更信用卡自動扣款帳號請參考以下：本人本行帳戶可以使用網路銀行申請變更。本行他人帳戶或他行帳戶扣繳，需填寫自動扣款授權書正本寄回辦理。
331,信用卡自動扣款日期?,本行信用卡自動扣繳於繳款截止日之次一營業日凌晨執行扣款。若繳款截止日遇例假日則可順延至次一營業日。
332,信用卡自動扣款失敗時該怎麼辦?,信用卡自動扣款失敗或餘額不足，不會再二次扣款，請您透過其他方式繳款。
333,如何知道信用卡自動繳款是否生效?,若信用卡自動扣繳已生效，帳單會有清楚提示；或登入網路銀行查詢。
334,信用卡繳款何時會入帳?,信用卡繳款入帳時間會依繳款通路有所不同：一、本行臨櫃繳款：繳款日次營業日入帳。二、ATM轉帳、匯款繳款:營業日當天下午三點半前：繳款日次一營業日入帳。非營業日或營業日但超過下午三點半：次營業日的次日入帳。三、便利商店及本行指定之各代理收款行庫櫃檯繳款：繳款日+2~3個工作天入帳。
335,信用卡戶繳款紀錄可以保存多久?,信用卡戶繳款資料揭露期限，自繳款截止日起揭露1年。
336,申請信用卡電子帳單是否還有實體紙本帳單?,若您申請信用卡電子帳單，只有申辦後的第一次會同時寄送紙本帳單及電子帳單，次期起僅寄送電子帳單或通知書。申辦方式：官網線上申請個人網路銀行申請
337,為什麼信用卡電子帳單上的廣告連結無法點選?,請先確認您是否有下載開啟PDF軟體。※若無法點選，可能是未安裝PDF軟體，請參考Adobe網站說明下載
338,信用卡電子帳單無法開啟該怎麼辦?,開啟密碼請輸入您的身分證字號，英文字母請大寫。建議下載國泰世華新行動銀行，線上查詢信用卡帳單。※若無法開啟信用卡電子帳單，可能是未安裝PDF軟體，請參考Adobe網站說明下載。※線上申請新行動銀行請至網路銀行。
339,信用卡正附卡帳單能分開寄送嗎?,信用卡正附卡帳單無法分開寄送，帳單會寄送給正卡持卡人。
340,信用卡帳單能不能指定他人代收?,信用卡帳單可以指定他人代收。因應個資法第9條規定，本行須於首次利用第三人資料時，郵寄告知書予第三人。
341,多久才會收到帳單?,電子帳單：於結帳日後二個營業日寄送至電子信箱實體帳單：於結帳日後三個營業日交寄
342,信用卡帳單繳款是否可以延期?,信用卡帳單如因繳款日遇假日會自動順延至次一營業日，其餘請依帳單上繳款日期繳款。
343,是否能取消信用卡網路繳費?,完成信用卡網路繳費後即無法取消該筆交易，若對繳款明細有所疑問，請洽繳費所屬事業機構協助處理。
344,沒收到信用卡帳單該怎麼辦?,若您未收到帳單，欲查詢最近一期帳單應繳金額及繳款截止日可至本行官網，輸入個人資料後即可查詢繳款資訊。
345,為什麼帳單中的應繳金額是負的?,帳單應繳金額是負數可能有：重複繳款、商店退款、或回饋金入帳...等原因，惟帳單應繳總金額如為負數，表示無需繳款。
346,若有帳款疑問該怎麼處理?,您於當期繳款截止日前，如就對帳單上所載事項有疑義，得檢具理由及本行要求之相關證明文件（如簽帳單、退款單收執聯及申訴函等）通知本行；或請求本行向收單機構調閱簽帳單或退款單。您未於當期繳款截止日前通知本行，視為對帳單上所載事項無錯誤。因發生疑義而暫停付款之帳款，如經本行證明係您無誤或因非可歸責於本行之事由而不得扣款時，您於收到本行通知後應立即繳付之，並自原繳款期限之次日起，依循環信用利率計付利息予本行。
347,"什麼是""循環信用，彈性繳款""？","""循環信用，彈性繳款”是方便持卡人提前享受、延後付款的一種信用卡理財方式，讓持卡人在自己的信用卡額度範圍內，分月繳付消費金額。持卡人免任何申請手續，每月僅須繳足最低應繳款項，即自動進入循環信用開始計算利息，減輕還款壓力。關於「每期最低應繳金額」、「循環信用利息」及「延滯繳款違約金」計算方式，請參閱本行信用卡約定條款第十五條。"
348,如何使用支票繳納信用卡帳單?,使用支票繳納信用卡帳單，請開具抬頭為「國泰世華商業銀行信用卡作業部」之禁止背書轉讓支票與當期帳單下方之【繳款聯】，以掛號方式郵寄至「臺北光復郵局第00799號信箱」，並於支票背面寫明欲繳款之身分證字號。為避免因交換作業延誤入帳時間，請於繳款截止日前七個工作天寄達。
349,能不能在台灣銀行/第一銀行繳納信用卡費?,自104/1/1起本行不再與臺灣銀行、第一銀行配合臨櫃代收信用卡款業務，您可以參閱本行官網其它繳款方式。
350,如何申請信用卡繳付學費繳款證明?,請依繳學費入口網指示，按操作流程輸入所須資訊，若繳費狀態為已繳費方可列印學費繳款證明。
351,如何申請信用卡繳款證明?,信用卡繳款證明可透過：繳款收據即可當作繳款憑證，本行於次期帳單明細將列示您的繳款記錄。可以登入網路銀行查詢。
352,為什麼消費簡訊通知沒有註明商家名稱?,商店向本行索取消費授權號碼時，不需傳送商店名稱，僅需傳送刷卡的卡片相關資料給本行，經檢核通過授權條件後即可完成交易，故商家名稱需待店家請款後方能查詢。
353,如何申請信用卡或帳戶代扣繳公用事業費用?,代扣繳公用事業費用申請方式:「信用卡」代扣繳：申請書下載。依申請書上所刊載的地址或傳真號碼回傳或回寄申請。「銀行帳戶」代扣繳：請您本人持身分證及帳戶原留印鑑至本行任一分行辦理申請，代扣繳項目計有政府機關相關費用、公用事業費用、金融機構相關費用等。已可透過MyBank申辦/終止代扣繳公用事業費用。
354,申請信用卡代扣公用事業費是否須先終止他行代扣?,申請本行信用卡代繳公用事業費無需先終止他行代扣，本行申請成功後將覆蓋先前代扣單位。請下載信用卡代扣繳公用事業費申請書，依申請書上所刊載的地址或傳真號碼回傳或回寄申請。
355,如何終止信用卡或帳戶代扣繳公用事業費用?,代扣繳公用事業費用終止方式：「信用卡」代扣繳：申請書下載。填妥後可依申請書上所刊載的地址或傳真號碼回傳或回寄終止。「銀行帳戶」代扣繳：請您本人持身分證及帳戶原留印鑑至本行任一分行辦理。
356,為什麼會收到重新辦理代扣繳服務的簡訊?,因您日前曾補發本行信用卡，因卡號或有效期限變動，故提醒您記得向相關公司重新辦理代扣繳服務，並請儘速完成開卡程序避免扣繳失敗。
357,如何申請路邊停車自動扣繳?,目前本行提供台北市、新北市、新竹市、台中市、嘉義市、台南市、高雄市路邊停車費用信用卡／帳戶自動扣繳。登入網路銀行申請。下載代繳申請書填寫後寄回。
358,為什麼無法設定路邊停車費代繳?,若您曾於他行或電信業者辦理代繳路邊停車費者，須先終止原約定完成，方能委託申請本行約定之停車費代繳。
359,如何申請信用卡消費授權簡訊通知?,"只要以本行信用卡簽帳之單筆消費達NT$3,000(含)以上，並透過網路銀行申請消費簡訊通知服務，即可免費發送簡訊到您在本行登記之行動電話服務。"
360,全球緊急支援,"國際組織提供持卡人世界各地之當地免付費電話，只要於所在的國家撥一通免付費電話至全球服務中心，該中心就會依照您的需求為您安排適當的服務，讓您出門在外也安心無懼。服務項目：發卡銀行聯絡電話查詢服務─為您轉接至您本國的發卡銀行服務部門，可查詢信用卡餘額等資訊，並依您的其他請求轉接至相關的服務中心。MasterCard／Cirrus全球自動提款機地點查詢掛失卡片或申請緊急替代卡註：金融信用卡(combocard)持卡人申請緊急替代卡時，該卡片僅具信用卡功能，並不具有金融卡功能。VISA／MasterCard緊急提現：海外遺失信用卡勿需擔心，您只需立即向緊急支援中心或旅遊服務中心掛失，您便可申請高達美金五仟元之現金緊急支援(須扣除累積未繳餘額)，並享有專員立即為您辦理的緊急替代卡，讓您不必為短暫無現金、無信用卡使用而擔心。MasterCard另提供持卡人多項旅遊服務，如安排旅遊計劃、訂購機票、重新訂位、臨時更改行程、緊急電訊傳遞等，以及卡片遺失被竊備案、緊急替代卡等緊急服務。台灣區免付費專線：00801-10-3400(各國免付費電話請上MasterCard網站查詢)其它地區代表號：當地國碼-1-636-722-7111，可撥對方付費電話(CollectCall)(台灣區持卡人電話撥通後以英文說""MandarinPlease""即有說中文之專人服務)"
361,海外緊急替代卡期限多久?,海外緊急替代卡提供您海外急用使用期限為2個月。回國後盡快通知客服協助補發新卡。
362,為什麼國際機場外圍停車需要留鑰匙?,國際機場外圍停車時需留鑰匙，因停車場除免費停車外，也提供暖車、打氣、充電、加水等服務，在車位不足時可以彈性運用停車空間。故請將您的車鑰匙留給停車場服務人員。
363,如何查詢泰贈點點數?,麻煩您至TreeMall泰贈點網站?→【登入會員】→【會員中心】→【點數查詢】，或者致電TreeMall客服中心0809-060-699（每週一至週五早上09：30～晚上18：00）查詢。
364,如何查詢舞動紅利點數?,舞動紅利點數查詢方法如下：下載國泰優惠APP，並加入會員。請以網銀密碼登入網路銀行即可查詢紅利點數。
365,掛失後補發的信用卡是否需要重新設定網路ACS驗證密碼,掛失補發新卡需重新進行網路交易ACS驗證密碼設定，但需於收到新卡5個工作日以後才可進行設定。
366,補發的信用卡是否需要重新申請代扣繳?,因到期換卡有效期限已更改，原卡片如已設定代扣服務，需請您自行向各代扣公司確認是否須變更卡號資訊以繼續扣款。(國壽保費、公用事業代繳、路邊停車代繳、eTag自動儲值服務等無須重新申辦)因毀損補發有效期限已更改，原卡片如已設定代扣服務，需請您自行向各代扣公司確認是否須變更卡號資訊以繼續扣款。(國壽保費、公用事業代繳、路邊停車代繳、eTag自動儲值服務等無須重新申辦)因掛失補發之卡號及有效期限已變更，原卡片如已設定代扣繳服務，需請您自行向各代扣繳公司確認是否須變更卡號資訊以繼續扣款。
367,信用卡補發期間舊卡可否使用,信用卡卡片補發期間，舊卡無法刷卡使用（包含固定代扣繳，如：水電、保費..）等。
368,卡片辦理掛失，是否需要另外收費?,信用卡掛失手續費，包含了完整的國內外掛失作業手續的費用，每卡NT$200。（世界卡／無限卡免收）。
369,該如何調整信用額度?,申請調整額度持卡人可向本行申請調高或降低信用額度，各卡別目前無最低信用額度之限制，惟降低信用額度後，無法再行調回原來的信用額度；如果您需要較高額度時可以再次提出申請，請提供不同於申1、請時之收入證明文件，例如：最近一期扣繳憑單影本、薪資單影本等，提供愈完整之資料，可核發愈高之額度。請將收入證明文件親送或郵寄至本行信用卡部，註明需要調整額度及會員姓名、身分證字號或卡號。機動調整如您為了出國或其他特殊理由，臨時需要較高額度，請儘早通知本行，本行會根據您以往的消費及繳款紀錄予以臨時調高額度調整審核標準本行將依您所提供之文件、持卡時間、消費紀錄、付款紀錄、職業及居住之穩定性....等，綜合判斷調整與否。
370,我的信用額度為什麼被調降?,依據本行信用卡定型化契約第二十二條：信用卡使用之限制，其中列示多項事由，本行可降低持卡人之信用額度。※信用卡定型化契約可由此進入→選擇【信用卡定型化契約】。
371,學生是否可以調高信用卡額度?,目前針對學生身分不提供信用卡額度提高申請。※若您已非在學學生，可備妥財力證明或畢業證書，轉接真人客服為您服務。
372,預借現金手續費/預借現金帳管費/單筆預借現金費用/分期預借現金費用,單筆預借現金手續費單筆預借現金手續費為每筆預借現金金額乘以３％＋新臺幣150元或美元5元。預借金額及手續費，將會列在下一期的帳單上分期預借現金帳管費分期預借現金帳管費，每申辦一筆，帳管費新台幣888元，於撥款時扣除
373,電話或網路銀行預借現金的撥款時間?,自動化管道（網路銀行、語音系統等）預借現金的撥款時間區分如下：預借時間：營業日13：00（含）以前完成預借，取得款項時間為當日15：30左右匯入。預借時間：營業日13：00以後或非營業日預借，取得款項時間為次營業日15：30左右匯入。
374,臨櫃辦理預借現金需要準備哪些證件?,臨櫃預借現金需攜帶文件如下：國內：本人攜帶身分證、信用卡。國外：本人攜帶護照、信用卡。
375,申請帳單分期後會收到結果通知嗎?,本行將以【簡訊】通知帳單分期申請結果，若分期成功，帳單分期核准金額及期數將列示於帳單上。
376,信用卡分期付款同意書去哪裡下載?,配合主管機關要求，發卡機構提供之信用卡分期付款服務應事先以書面或與持卡人約定之方式告知客戶所需負擔費用之計收標準與收取條件。有效正卡客戶必須簽署『信用卡分期付款同意書』後，始能申請。請備妥信用卡及於本行留存號碼之手機至本行官網完成設定。
377,如何開啟悠遊卡自動加值功能?,悠遊卡自動加值開啟方式如下：申請信用卡時勾選【預設開啟悠遊卡自動加值功能】。至各大便利超商，由店員為您開啟，或利用全家便利商店FamiPort。依機器操作畫面執行開啟悠遊卡自動加值功能。操作臺北捷運各車站之悠遊卡加值機(AVM)完成開啟程序。*2、3須先完成信用卡開卡。注意，悠遊聯名卡的【悠遊卡自動加值】功能一經啟用後是無法關閉的。但可利用臺北捷運各站之悠遊卡加值設備(AVM)、全家便利商店FamiPort，依機器操作畫面執行「悠遊卡退卡」程序，停止所有悠遊卡功能。
378,悠移卡自動加值有沒有任何限制?,有關悠遊卡自動加值離線交易每日限自動加值1次；連線交易每日限自動加值3次每次加值金額為NT500或其最小倍數。
379,悠遊聯名卡為什麼無法自動加值?,悠遊聯名卡無法自動加值可能原因：自動加值功能未開啟。非自動加值功能使用範圍。超出自動加值限額或限次。詳細說明請參閱悠遊卡公司網頁。
380,搭乘交通工具遇到悠遊卡扣款異常該怎麼處理?,使用悠遊卡搭乘交通工具發現扣款異常時，請與該公司聯繫，提供以下電話參考：悠遊卡客服專線：412-8880（手機及金馬地區請加02）台北捷運客服專線：（02）2181-2345臺鐵客服專線：0800-765-888
381,悠遊卡餘額轉置需要多久時間?,悠遊卡辦妥餘額轉置後，約40天後返還至持卡人信用卡帳上。
382,如何申請悠遊聯名卡加值證明?,如您需要悠遊卡加值憑證報帳時，請您於捷運各車站詢問處，請站務人員開立加值憑證即可。
383,如何於分行辦理餘額轉置?,欲到分行辦理悠遊卡餘額轉置，請攜帶您的悠遊聯名卡轉交任一分行，請行員協助您內轉回信用卡中心。※悠遊卡餘額者約40日內轉入信用卡帳單上。
384,如何透過悠遊卡自動加值機AVM辦理餘額轉置?,若您是一般停卡或毀損補發的卡片，請到捷運站的悠遊卡加值設備（AVM）辦理退卡。※悠遊卡餘額者約40日內轉入信用卡帳單上。
385,餘額轉置要寄到哪裡?,請將卡片寄回至【105台北市松山區光復南路35號1樓信用卡作業部餘額轉置小組收】※悠遊卡餘額者約40日內轉入信用卡帳單上。
386,如何申請繳回的悠遊聯名卡餘額贖回?,您可將悠遊聯名卡交由就近分行，或掛號寄回信用卡中心地址「105台北市松山區光復南路35號1樓信用卡作業部餘額轉置小組」辦理餘額退還。餘額贖回後約於40天後退還至您的信用卡帳戶中，扣抵信用卡消費款。
387,i刷金融卡可以動用保單貸款嗎?,i刷金融卡消費時，不得動用保單貸款金額。
388,i刷金融卡是否有交易日的限額?,i刷卡金融卡的刷卡交易日限額為12萬元、ATM日限額為10萬元※刷卡日限額與ATM日限額分別計算。
389,i刷金融卡有提供分期交易服務嗎?,i刷金融卡無法使用分期交易。
390,i刷金融卡是否具備額度透支的功能?,i刷金融卡不具備額度透支之功能，帳戶餘額不足交易將會無法成功；每日消費限額為12萬元，單日超過無法進行交易。
391,i刷金融卡是否會寄送帳單?,ｉ刷金融卡消費通知書之結算週期為每月12日，結算後約5~7天寄送。
392,i刷金融卡違約金如何計算?,i刷金融卡連續執行扣款達30天，且於結帳日前一日仍未全額扣款成功者，本行按月每卡計收違約金新台幣貳佰元。※違約金收取無次數之限制，計收至無扣款失敗為止。
393,i刷悠遊Debit卡申辦悠遊卡餘額退還有哪些方法?,悠遊金融(Debit)卡要申請餘額退還，請本人攜帶卡片及身分證明文件洽分行辦理。
394,在國外使用i刷金融卡有哪些需要注意的事項?,i刷金融卡在國外貼有全球貼有VISA、MasterCard的商店都可以使用ｉ刷金融卡進行刷卡簽帳消費，並收取國外交易手續費(交易金額*1.5％)。
395,i刷金融卡電子消費通知書去哪裡申請?可以取消嗎?,i刷金融卡電子消費通知書於每月12號後5~7日寄送，申請及取消方式請至網路銀行。
396,如何申請雙幣卡?,申請雙幣卡正卡需年滿20歲：檢附申請書及身分證影本有開設本行外幣儲蓄帳戶財力證明正本郵寄回，本行將進行審核作業。雙幣卡線上申請
397,是否能用同一份申請書申請多張雙幣卡?,同一份雙幣信用卡申請書不可同時申辦兩卡，若要申請幾張雙幣卡就需填寫幾份申請書。
398,雙幣卡會收取多少年費?,雙幣卡信用卡年費首年免年費，次年年費1800元。次年起，白金卡正卡消費兩次；鈦金商務卡：正附卡合併一般消費達18萬，即可享免年費。
399,申請雙幣信用卡需要開立本行外幣帳戶嗎?,是的，申請雙幣信用卡必需開立本行外幣帳戶，因此外幣帳戶為信用卡申請書必填欄位。
400,雙幣卡需要辦理台幣帳戶自動換匯嗎?,雙幣信用卡不一定要設定新臺幣帳戶自動換匯功能，如未設定自動換匯服務，扣款帳號餘額不足不會進行二次扣款。
401,雙幣卡可以指定自己的卡片信用額度嗎?,信用卡持卡人於額度內，可指定雙幣卡的卡片額度，但無法單獨指定新臺幣或外幣額度。
402,雙幣卡外幣與台幣額度如何計算?,雙幣信用卡外幣與新臺幣共用卡片額度，額度係以您的新臺幣總額度管理。
403,於國外使用雙幣卡交易結帳的幣別為何?,雙幣信用卡結算幣別依境內、外定義：境內皆以新臺幣結算，境外以約定外幣結算。
404,雙幣卡交易時可以設定交易幣別嗎?,雙幣卡可設定交易幣別，但付款時仍會依境內外定義結算：境內以新臺幣結算，境外皆以美元結算。
405,雙幣卡的臺幣/外幣費用要如何繳款?,雙幣信用卡之繳款方式區分：台幣繳款比照一般信用卡繳款。外幣繳款僅限約定本行外幣帳戶自動扣繳。※另可約定本人台幣帳戶自動換匯功能，如外幣存款不足時，銀行可依當時牌告賣匯至指定台幣帳戶進行換匯扣款。
406,雙幣卡的臺幣與外幣帳單是同一份嗎?,雙幣信用卡帳單與台幣信用卡帳單合併同一份，不同幣別分開列示，會詳列各幣別總應繳及最低應繳金額。
407,雙幣卡溢繳能不能抵扣不同幣別帳款?,雙幣信用卡各幣別溢繳金額只會抵扣該幣別帳款，無法扣抵不同幣別帳款。
408,雙幣卡外幣最低的應繳金額是如何計算的?,雙幣信用卡外幣最低應繳金額為當期新增信用卡一般消費全部款項的10%＋其他款項的5%、超過原信用額度之金額及當期帳單新增的利息費用。
409,雙幣卡當外幣帳戶扣款不成功，若持卡人有約定臺幣自動換匯服務，，何時會從臺幣帳戶扣款進行自動換匯?,雙幣卡的新臺幣自動換匯扣款執行時間為繳款截止日當日11:00前完成扣繳，扣繳失敗將於12:00前發送扣繳失敗簡訊。
410,雙幣卡新臺幣自動換匯是採用哪一天的匯率?,雙幣卡自動換匯的敲匯時點及匯率，是採用繳款截止日當日扣繳時之即時牌告賣匯。
411,使用雙幣卡進行台幣帳號自動換匯時是否有任何限制?,針對自動換匯的新臺幣帳號需限正卡申請人於本行臺幣存款有效帳戶（部分帳戶不適用）。※換匯限額：每一身份證字號當日所有通路換匯金額不得超過新臺幣50萬。
412,雙幣卡有沒有自動換匯的限額?,每一身份證字號歸戶下所有通路換匯金額不得超過新臺幣50萬。
413,若雙幣卡外幣帳戶已銷戶，該如何繳交該帳戶的欠款?,雙幣卡外幣帳號若仍有欠款或已銷戶之繳款方式：可利用他行匯款外幣入帳，但需收取外幣匯款相關手續費（本行收取匯入手續費NT$300，他行費用依他行收費標準）。臨櫃購買外幣現鈔，以外幣專屬帳號繳納※外幣專屬帳號（本國人96129+正卡人身分證字號（英文字母A=01，B=02…以此類推）共16位數）。
414,雙幣卡有哪些回饋優惠?,雙幣信用卡紅利累積為新臺幣20元回饋紅利點數1點、2美元回饋紅利點數3點。
415,雙幣卡可以預借現金嗎?,雙幣信用卡可申請預借現金，惟不開放台灣地區預借外幣。
416,雙幣卡退貨及退稅時是否有幣別上的限制?,雙幣信用卡退貨或退稅依境內、外定義：境內以台幣結算，境外以議定外幣結算。
417,為什麼會收到催繳的簡訊?,若您收到信用卡催繳簡訊，可能因您的信用卡款已超過繳款期限仍未繳款。若您已繳納款項，則無須理會該訊息。
418,申請銀行公會債務協商有什麼條件?,申請前置協商的條件及方式：可前往銀行公會網頁查詢相關規定。撥打諮詢專線，由專人服務：02-27303536(週一~週五9：00~17：30)。
419,銀行公會債務協商如何繳款,「債務協商」與「前置協商」繳款方式可利用ATM轉帳或本行臨櫃繳款（兩者繳款帳號相同）。
420,銀行公會債務協商履約完成聯徵紀錄註記時間,銀行公會債務協商／前置協商履約完成信用註記時間為「清償日+1年」。
421,催收及呆帳聯徵紀錄可以保存多久?,催收及呆帳紀錄自清償之日起揭露6個月，但呆帳紀錄未清償者，自轉銷之日起揭露5年。
422,雙幣信用卡有效使用期限是多久?,雙幣信用卡有限期限為7年。
423,如何申請清償證明?,如您需要本行開立清償證明，歡迎洽詢本行客服專線(02)2383-1000（第二次申請開始，每次需酌收工本費一份NT$200元）
424,如何使用信用卡捐款?,愛心滿滿，刷卡捐款，世界因您更溫暖；您可至本行官網進行信用卡捐款。
425,是否有發行美國運通信用卡?,目前本行信用卡發行配合之國際組織為Visa、Master及JCB，未配合美國運通組織發行。
426,哪些卡片可以使用國泰世華MasterPass?,國泰世華MasterPass可以綁定您目前使用本行的MasterCard、Visa、JCB所有信用卡，不含ｉ刷金融卡。
427,感應式交易有哪些?該如何使用?,VISApayWave/MasterCardPayPass/JCBJ/Speedy皆為信用卡感應式交易功能，可快速又安全的完成付款。欲了解本行信用卡可至官網卡片介紹查詢。
428,如何重新設定網路安全認證密碼?,若您已透過客服中心取得網路安全認證（ACS）暫時密碼，請依以下步驟重新設定。MASTER卡VISA卡JCB卡※註冊步驟：畫面拉至最下方，勾選我同意，點選確認註冊【MASTER/VISA/JCB驗證】點選上方，「我忘記密碼了」**第3點很重要**輸入卡號，不需輸入密碼，點選「您忘記密碼了嗎？」點選「重設密碼」輸入卡號及客服人員為您設定的「暫時密碼」，點選繼續即可自設交易密碼
429,要怎麼申請/終止/異動自動儲值生效日期,eTag自動儲值服務，若是新申請、終止車號：須3工作日待遠通回覆後生效，若是異動扣款卡號，將即時生效。建議前往網路銀行查詢申辦狀態。
430,附卡可以申請eTag自動儲值嗎?,信用卡eTag自動儲值僅限【正卡人】方可申請。
431,若無eTag，該如何申請自動儲值?,代扣繳之車輛必須有eTag才能申請自動儲值。
432,如何變更戶籍地址?,為了確保個人資料安全性，如欲變更銀行戶籍資料，需本人攜帶身分證及原開戶印鑑至任一分行辦理。若需變更信用卡戶籍資料，請您準備好新的身份證正反面影本後，聯繫客服為您變更信用卡的戶籍地址。本行客服中心0800-818-001（手機請撥付費電話）或02-2383-1000，按2之後，輸入身分證字號後9碼，及網銀密碼或出生月日，接續再按9，即可轉接客服人員。
433,為什麼會收到信用卡約定條款更正通知?,本行為配合金管會公告修改信用卡約定條款，特此寄發信用卡約定條款更正通知予您知悉。
434,如何查詢信用卡卡號及效期?,信用卡16碼卡號及有效期限皆印製在卡片正面或背面，3位檢核碼印製在背面簽名欄附近。信用卡需憑卡才能交易，請務必保管好您的卡片。
435,信用卡年費如何計算?,本行信用卡種類眾多，有關各卡年費收取標準請至本行官網參考各卡年費收取標準。
436,哪些消費類型有計入信用卡年費?,除費用、利息外，其餘消費均計入信用卡年費次數及累積金額。
437,在國外使用信用卡消費會收取什麼費用?,持卡人所有使用信用卡交易帳款均應以新臺幣或約定外幣結付，如交易(含辦理退款)之貨幣非為新臺幣或於國外以新臺幣交易（含與設於國外之特約商店或網站交易）時，則授權本行依各信用卡國際組織依約所列之交易結匯日匯率直接換算為新臺幣或約定結付外幣，加計本行應向各該國際組織給付之手續費及本行以交易金額百分之0.5計算之國外交易服務費後結付。(國外交易手續費目前費率為交易金額之0.8%~1%，信用卡國際組織收取之費率可能隨時變更，並詳載於信用卡帳單或銀行網站)。
438,信用卡到期如何續卡?,如您持有的信用卡為有效卡且未申請到期不續卡，本行將會在到期月份之前一個月下旬開始寄發續卡，並在到期當月份的15號以前寄發完畢。
439,停卡是否會影響個人信用紀錄?,信用卡申請一般停用不會影響信用紀錄。
440,停卡聯徵紀錄可以保存多久?,自停卡發生日起揭露5年。但款項未繳之強制停卡資料，未清償者，自停卡發生日起揭露7年；已清償者，自清償日起揭露6個月，但最長不超過停卡發生日起7年。
